{"version": "1", "message": "ERROR: Hidden Testcases server unreachable.", "problem_id": "ads2_m16_a1_1", "user_id": "someshwarthuma", "score": {"sample": {"0": {"execution_time": 1.0637531280517578, "passed": false}, "1": {"execution_time": 1.0262715816497803, "passed": false}, "2": {"execution_time": 2.397697925567627, "passed": true}, "3": {"execution_time": 2.331651210784912, "passed": false}, "4": {"execution_time": 2.483760356903076, "passed": false}, "5": {"execution_time": 2.6148228645324707, "passed": false}, "6": {"execution_time": 3.4714598655700684, "passed": false}, "7": {"execution_time": 2.5377964973449707, "passed": true}, "8": {"execution_time": 1.2158608436584473, "passed": false}, "9": {"execution_time": 3.0211398601531982, "passed": true}, "10": {"execution_time": 2.939081907272339, "passed": true}, "11": {"execution_time": 2.2125673294067383, "passed": false}, "12": {"execution_time": 2.6658899784088135, "passed": false}, "13": {"execution_time": 0.8175792694091797, "passed": true}, "14": {"execution_time": 2.496774196624756, "passed": true}, "15": {"execution_time": 2.7459452152252197, "passed": false}, "16": {"execution_time": 1.280907392501831, "passed": true}, "17": {"execution_time": 1.2378761768341064, "passed": true}, "18": {"execution_time": 1.3680078983306885, "passed": true}, "19": {"execution_time": 1.5420918464660645, "passed": false}, "20": {"execution_time": 2.9490883350372314, "passed": false}, "21": {"execution_time": 1.307926893234253, "passed": true}, "22": {"execution_time": 1.1778337955474854, "passed": true}, "23": {"execution_time": 1.3979902267456055, "passed": false}, "24": {"execution_time": 0.6824836730957031, "passed": true}, "25": {"execution_time": 3.353374719619751, "passed": false}, "26": {"execution_time": 2.670891284942627, "passed": false}, "27": {"execution_time": 3.234290361404419, "passed": false}, "28": {"execution_time": 5.176200866699219, "passed": false}, "29": {"execution_time": 0.6054279804229736, "passed": false}}}, "check_style_score": "0/1"}