{"version": "1", "message": "ERROR: Hidden Testcases server unreachable.", "problem_id": "ads2_m16_a1_1", "user_id": "someshwarthuma", "score": {"sample": {"0": {"execution_time": 1.554638385772705, "passed": false}, "1": {"execution_time": 0.9546761512756348, "passed": false}, "2": {"execution_time": 2.6068437099456787, "passed": false}, "3": {"execution_time": 2.6058449745178223, "passed": false}, "4": {"execution_time": 2.8530209064483643, "passed": false}, "5": {"execution_time": 2.757952928543091, "passed": false}, "6": {"execution_time": 2.733936309814453, "passed": false}, "7": {"execution_time": 2.590834856033325, "passed": false}, "8": {"execution_time": 1.1538176536560059, "passed": false}, "9": {"execution_time": 3.1402223110198975, "passed": false}, "10": {"execution_time": 2.970104455947876, "passed": false}, "11": {"execution_time": 0.7175087928771973, "passed": false}, "12": {"execution_time": 2.59089994430542, "passed": false}, "13": {"execution_time": 0.8856275081634521, "passed": true}, "14": {"execution_time": 2.8610246181488037, "passed": false}, "15": {"execution_time": 2.873034954071045, "passed": false}, "16": {"execution_time": 1.214860200881958, "passed": false}, "17": {"execution_time": 0.9796938896179199, "passed": true}, "18": {"execution_time": 1.0709059238433838, "passed": false}, "19": {"execution_time": 1.3809785842895508, "passed": false}, "20": {"execution_time": 1.4600310325622559, "passed": false}, "21": {"execution_time": 1.5180749893188477, "passed": false}, "22": {"execution_time": 1.3609638214111328, "passed": false}, "23": {"execution_time": 1.2098557949066162, "passed": false}, "24": {"execution_time": 0.6884875297546387, "passed": true}, "25": {"execution_time": 2.8660295009613037, "passed": false}, "26": {"execution_time": 2.2951548099517822, "passed": false}, "27": {"execution_time": 2.8089897632598877, "passed": false}, "28": {"execution_time": 3.920776605606079, "passed": false}, "29": {"execution_time": 0.5583953857421875, "passed": false}}}, "check_style_score": "0/1"}