{"version": "1", "message": "ERROR: Hidden Testcases server unreachable.", "problem_id": "ads2_m16_a1_1", "user_id": "someshwarthuma", "score": {"sample": {"0": {"execution_time": 1.196854591369629, "passed": false}, "1": {"execution_time": 1.839841365814209, "passed": false}, "2": {"execution_time": 3.35138201713562, "passed": true}, "3": {"execution_time": 3.1021945476531982, "passed": true}, "4": {"execution_time": 2.8956801891326904, "passed": true}, "5": {"execution_time": 2.4782955646514893, "passed": false}, "6": {"execution_time": 2.453747034072876, "passed": false}, "7": {"execution_time": 2.0334384441375732, "passed": true}, "8": {"execution_time": 1.6151432991027832, "passed": false}, "9": {"execution_time": 1.5470924377441406, "passed": false}, "10": {"execution_time": 1.5461006164550781, "passed": false}, "11": {"execution_time": 0.48033857345581055, "passed": false}, "12": {"execution_time": 2.3816919326782227, "passed": false}, "13": {"execution_time": 1.5289313793182373, "passed": true}, "14": {"execution_time": 1.5179498195648193, "passed": false}, "15": {"execution_time": 10.063504695892334, "passed": false}, "16": {"execution_time": 1.400998830795288, "passed": true}, "17": {"execution_time": 5.632903337478638, "passed": true}, "18": {"execution_time": 2.007718563079834, "passed": false}, "19": {"execution_time": 1.6902179718017578, "passed": false}, "20": {"execution_time": 10.041165828704834, "passed": false}, "21": {"execution_time": 0.8055768013000488, "passed": false}, "22": {"execution_time": 0.788557767868042, "passed": false}, "23": {"execution_time": 10.038097143173218, "passed": false}, "24": {"execution_time": 0.8676142692565918, "passed": true}, "25": {"execution_time": 10.063588857650757, "passed": false}, "26": {"execution_time": 10.083837747573853, "passed": false}, "27": {"execution_time": 10.086989164352417, "passed": false}, "28": {"execution_time": 10.136518001556396, "passed": false}, "29": {"execution_time": 0.3102223873138428, "passed": true}}}, "check_style_score": "0/1"}