{"version": "1", "message": "ERROR: Hidden Testcases server unreachable.", "problem_id": "ads2_m16_a1_1", "user_id": "someshwarthuma", "score": {"sample": {"0": {"execution_time": 0.7955632209777832, "passed": false}, "1": {"execution_time": 0.7095041275024414, "passed": false}, "2": {"execution_time": 3.3534090518951416, "passed": false}, "3": {"execution_time": 4.305047988891602, "passed": false}, "4": {"execution_time": 4.449187517166138, "passed": false}, "5": {"execution_time": 2.6548798084259033, "passed": false}, "6": {"execution_time": 2.865028142929077, "passed": false}, "7": {"execution_time": 2.4577391147613525, "passed": false}, "8": {"execution_time": 1.4660422801971436, "passed": false}, "9": {"execution_time": 2.535801887512207, "passed": false}, "10": {"execution_time": 2.812993049621582, "passed": false}, "11": {"execution_time": 0.7475297451019287, "passed": false}, "12": {"execution_time": 2.544801950454712, "passed": false}, "13": {"execution_time": 1.042738437652588, "passed": false}, "14": {"execution_time": 2.750948429107666, "passed": false}, "15": {"execution_time": 2.425717353820801, "passed": false}, "16": {"execution_time": 1.312929630279541, "passed": false}, "17": {"execution_time": 1.2638955116271973, "passed": false}, "18": {"execution_time": 1.3499541282653809, "passed": false}, "19": {"execution_time": 1.3749744892120361, "passed": false}, "20": {"execution_time": 1.2879419326782227, "passed": false}, "21": {"execution_time": 1.404994010925293, "passed": false}, "22": {"execution_time": 1.1808390617370605, "passed": false}, "23": {"execution_time": 1.638166904449463, "passed": false}, "24": {"execution_time": 0.8075714111328125, "passed": false}, "25": {"execution_time": 2.5077762603759766, "passed": false}, "26": {"execution_time": 2.171538829803467, "passed": false}, "27": {"execution_time": 3.5275027751922607, "passed": false}, "28": {"execution_time": 6.983945608139038, "passed": false}, "29": {"execution_time": 2.0114245414733887, "passed": false}}}, "check_style_score": "0/1"}