{"version": "1", "message": "ERROR: Hidden Testcases server unreachable.", "problem_id": "ads2_m16_a1_1", "user_id": "someshwarthuma", "score": {"sample": {"0": {"execution_time": 0.612433910369873, "passed": false}, "1": {"execution_time": 0.5674188137054443, "passed": false}, "2": {"execution_time": 1.904348611831665, "passed": false}, "3": {"execution_time": 1.7662513256072998, "passed": false}, "4": {"execution_time": 1.7572441101074219, "passed": false}, "5": {"execution_time": 1.659175157546997, "passed": false}, "6": {"execution_time": 1.8703432083129883, "passed": false}, "7": {"execution_time": 1.5741333961486816, "passed": false}, "8": {"execution_time": 0.7795515060424805, "passed": false}, "9": {"execution_time": 2.065464496612549, "passed": false}, "10": {"execution_time": 2.1624844074249268, "passed": false}, "11": {"execution_time": 0.5093607902526855, "passed": false}, "12": {"execution_time": 2.4997692108154297, "passed": false}, "13": {"execution_time": 0.596426248550415, "passed": false}, "14": {"execution_time": 1.6375820636749268, "passed": false}, "15": {"execution_time": 1.6141436100006104, "passed": false}, "16": {"execution_time": 0.7455282211303711, "passed": false}, "17": {"execution_time": 0.7135050296783447, "passed": false}, "18": {"execution_time": 0.7245137691497803, "passed": false}, "19": {"execution_time": 0.7735474109649658, "passed": false}, "20": {"execution_time": 0.7195093631744385, "passed": false}, "21": {"execution_time": 0.7365221977233887, "passed": false}, "22": {"execution_time": 0.721510648727417, "passed": false}, "23": {"execution_time": 0.7405264377593994, "passed": false}, "24": {"execution_time": 0.4623267650604248, "passed": false}, "25": {"execution_time": 1.6901962757110596, "passed": false}, "26": {"execution_time": 1.3699414730072021, "passed": false}, "27": {"execution_time": 1.6205382347106934, "passed": false}, "28": {"execution_time": 2.6778414249420166, "passed": false}, "29": {"execution_time": 0.6734774112701416, "passed": false}}}, "check_style_score": "0/1"}