{"version": "1", "message": "ERROR: Hidden Testcases server unreachable.", "problem_id": "ads2_m16_a1_1", "user_id": "someshwarthuma", "score": {"sample": {"0": {"execution_time": 0.9767601490020752, "passed": true}, "1": {"execution_time": 0.7808830738067627, "passed": true}, "2": {"execution_time": 1.9924108982086182, "passed": true}, "3": {"execution_time": 2.0144267082214355, "passed": true}, "4": {"execution_time": 2.0454483032226562, "passed": true}, "5": {"execution_time": 2.4397270679473877, "passed": true}, "6": {"execution_time": 2.061526298522949, "passed": true}, "7": {"execution_time": 1.9563195705413818, "passed": true}, "8": {"execution_time": 0.975689172744751, "passed": true}, "9": {"execution_time": 2.276611328125, "passed": true}, "10": {"execution_time": 2.206578254699707, "passed": true}, "11": {"execution_time": 10.089676141738892, "passed": false}, "12": {"execution_time": 2.0583393573760986, "passed": true}, "13": {"execution_time": 0.6154427528381348, "passed": true}, "14": {"execution_time": 2.0944836139678955, "passed": true}, "15": {"execution_time": 2.099487066268921, "passed": true}, "16": {"execution_time": 0.9046487808227539, "passed": true}, "17": {"execution_time": 0.8756241798400879, "passed": true}, "18": {"execution_time": 0.8836219310760498, "passed": true}, "19": {"execution_time": 1.135802984237671, "passed": true}, "20": {"execution_time": 1.385000228881836, "passed": true}, "21": {"execution_time": 0.8766422271728516, "passed": true}, "22": {"execution_time": 0.8455970287322998, "passed": true}, "23": {"execution_time": 0.9806945323944092, "passed": true}, "24": {"execution_time": 0.5394017696380615, "passed": true}, "25": {"execution_time": 3.2843263149261475, "passed": true}, "26": {"execution_time": 2.2185709476470947, "passed": true}, "27": {"execution_time": 3.066171646118164, "passed": true}, "28": {"execution_time": 4.6393091678619385, "passed": true}, "29": {"execution_time": 0.5513887405395508, "passed": false}}}, "check_style_score": "0/1"}