{"version": "1", "message": "ERROR: Hidden Testcases server unreachable.", "problem_id": "ads2_m16_a1_1", "user_id": "someshwarthuma", "score": {"sample": {"0": {"execution_time": 0.8976366519927979, "passed": true}, "1": {"execution_time": 0.8235833644866943, "passed": true}, "2": {"execution_time": 1.7662501335144043, "passed": true}, "3": {"execution_time": 1.838296890258789, "passed": true}, "4": {"execution_time": 2.6178548336029053, "passed": true}, "5": {"execution_time": 2.8430140018463135, "passed": true}, "6": {"execution_time": 2.5618159770965576, "passed": true}, "7": {"execution_time": 1.889338731765747, "passed": true}, "8": {"execution_time": 1.5420918464660645, "passed": true}, "9": {"execution_time": 1.6551716327667236, "passed": true}, "10": {"execution_time": 1.7942821979522705, "passed": true}, "11": {"execution_time": 11.772338151931763, "passed": false}, "12": {"execution_time": 3.6425795555114746, "passed": true}, "13": {"execution_time": 1.0227243900299072, "passed": true}, "14": {"execution_time": 2.7399399280548096, "passed": true}, "15": {"execution_time": 2.296626091003418, "passed": true}, "16": {"execution_time": 1.3279402256011963, "passed": true}, "17": {"execution_time": 0.9636814594268799, "passed": true}, "18": {"execution_time": 1.7142140865325928, "passed": true}, "19": {"execution_time": 1.2158613204956055, "passed": true}, "20": {"execution_time": 1.622147560119629, "passed": true}, "21": {"execution_time": 0.850602388381958, "passed": true}, "22": {"execution_time": 0.8906304836273193, "passed": true}, "23": {"execution_time": 0.9086410999298096, "passed": true}, "24": {"execution_time": 0.639453649520874, "passed": true}, "25": {"execution_time": 2.444666862487793, "passed": true}, "26": {"execution_time": 1.8372983932495117, "passed": true}, "27": {"execution_time": 2.3867108821868896, "passed": true}, "28": {"execution_time": 3.8217062950134277, "passed": true}, "29": {"execution_time": 0.3262310028076172, "passed": true}}}, "check_style_score": "0/1"}