{"version": "1", "message": "ERROR: Hidden Testcases server unreachable.", "problem_id": "ads2_m16_a1_1", "user_id": "someshwarthuma", "score": {"sample": {"0": {"execution_time": 0.7765693664550781, "passed": false}, "1": {"execution_time": 0.7595350742340088, "passed": false}, "2": {"execution_time": 1.8383021354675293, "passed": true}, "3": {"execution_time": 1.9183571338653564, "passed": true}, "4": {"execution_time": 1.9113824367523193, "passed": false}, "5": {"execution_time": 2.266547679901123, "passed": false}, "6": {"execution_time": 2.2055912017822266, "passed": false}, "7": {"execution_time": 2.1475226879119873, "passed": true}, "8": {"execution_time": 1.6681814193725586, "passed": false}, "9": {"execution_time": 2.6518774032592773, "passed": true}, "10": {"execution_time": 2.7539830207824707, "passed": true}, "11": {"execution_time": 0.5744071006774902, "passed": false}, "12": {"execution_time": 2.167534589767456, "passed": false}, "13": {"execution_time": 2.568819761276245, "passed": true}, "14": {"execution_time": 3.8772826194763184, "passed": true}, "15": {"execution_time": 3.8377177715301514, "passed": false}, "16": {"execution_time": 1.7502391338348389, "passed": true}, "17": {"execution_time": 2.096020460128784, "passed": false}, "18": {"execution_time": 2.1225032806396484, "passed": false}, "19": {"execution_time": 3.175248384475708, "passed": false}, "20": {"execution_time": 2.5238192081451416, "passed": false}, "21": {"execution_time": 2.1044907569885254, "passed": true}, "22": {"execution_time": 1.6811904907226562, "passed": true}, "23": {"execution_time": 2.0444483757019043, "passed": false}, "24": {"execution_time": 1.0887749195098877, "passed": true}, "25": {"execution_time": 5.632989168167114, "passed": false}, "26": {"execution_time": 2.719925880432129, "passed": false}, "27": {"execution_time": 4.108446836471558, "passed": false}, "28": {"execution_time": 6.944919109344482, "passed": false}, "29": {"execution_time": 1.1488142013549805, "passed": false}}}, "check_style_score": "0/1"}