{"version": "1", "message": "ERROR: Hidden Testcases server unreachable.", "problem_id": "ads2_m16_a1_1", "user_id": "someshwarthuma", "score": {"sample": {"0": {"execution_time": 0.7218959331512451, "passed": true}, "1": {"execution_time": 0.7104783058166504, "passed": true}, "2": {"execution_time": 1.5210778713226318, "passed": true}, "3": {"execution_time": 1.5060713291168213, "passed": true}, "4": {"execution_time": 1.5711195468902588, "passed": true}, "5": {"execution_time": 1.5671167373657227, "passed": true}, "6": {"execution_time": 1.5891313552856445, "passed": true}, "7": {"execution_time": 1.5571062564849854, "passed": true}, "8": {"execution_time": 0.8435955047607422, "passed": true}, "9": {"execution_time": 2.1753621101379395, "passed": true}, "10": {"execution_time": 1.498058557510376, "passed": true}, "11": {"execution_time": 8.119751214981079, "passed": true}, "12": {"execution_time": 4.408121347427368, "passed": true}, "13": {"execution_time": 1.0107152462005615, "passed": true}, "14": {"execution_time": 2.5798282623291016, "passed": true}, "15": {"execution_time": 3.1482303142547607, "passed": true}, "16": {"execution_time": 1.4089972972869873, "passed": true}, "17": {"execution_time": 1.5030639171600342, "passed": true}, "18": {"execution_time": 1.0397365093231201, "passed": true}, "19": {"execution_time": 1.2889132499694824, "passed": true}, "20": {"execution_time": 2.7344624996185303, "passed": true}, "21": {"execution_time": 1.2308716773986816, "passed": true}, "22": {"execution_time": 2.1004867553710938, "passed": true}, "23": {"execution_time": 1.0397365093231201, "passed": true}, "24": {"execution_time": 0.888629674911499, "passed": true}, "25": {"execution_time": 3.1442291736602783, "passed": true}, "26": {"execution_time": 2.4167113304138184, "passed": true}, "27": {"execution_time": 2.747945547103882, "passed": true}, "28": {"execution_time": 3.8407206535339355, "passed": true}, "29": {"execution_time": 0.46132683753967285, "passed": true}}}, "check_style_score": "0/1"}