{"version": "1", "message": "ERROR: Hidden Testcases server unreachable.", "problem_id": "ads2_m16_a1_1", "user_id": "someshwarthuma", "score": {"sample": {"0": {"execution_time": 0.6844890117645264, "passed": false}, "1": {"execution_time": 0.6824815273284912, "passed": false}, "2": {"execution_time": 1.932368278503418, "passed": false}, "3": {"execution_time": 1.8853411674499512, "passed": false}, "4": {"execution_time": 1.820289134979248, "passed": false}, "5": {"execution_time": 2.094142198562622, "passed": false}, "6": {"execution_time": 1.9123587608337402, "passed": false}, "7": {"execution_time": 2.2165701389312744, "passed": true}, "8": {"execution_time": 1.3207402229309082, "passed": false}, "9": {"execution_time": 2.201571226119995, "passed": false}, "10": {"execution_time": 2.1794776916503906, "passed": false}, "11": {"execution_time": 0.7445619106292725, "passed": false}, "12": {"execution_time": 1.8713231086730957, "passed": false}, "13": {"execution_time": 0.6304690837860107, "passed": true}, "14": {"execution_time": 3.0211706161499023, "passed": false}, "15": {"execution_time": 2.1165056228637695, "passed": false}, "16": {"execution_time": 0.7835943698883057, "passed": true}, "17": {"execution_time": 0.7665500640869141, "passed": true}, "18": {"execution_time": 0.8186116218566895, "passed": true}, "19": {"execution_time": 1.0327320098876953, "passed": false}, "20": {"execution_time": 1.1408157348632812, "passed": false}, "21": {"execution_time": 0.8536086082458496, "passed": false}, "22": {"execution_time": 0.8676209449768066, "passed": false}, "23": {"execution_time": 0.952674150466919, "passed": false}, "24": {"execution_time": 0.5068647861480713, "passed": true}, "25": {"execution_time": 2.084484577178955, "passed": false}, "26": {"execution_time": 1.793276309967041, "passed": false}, "27": {"execution_time": 3.0385007858276367, "passed": false}, "28": {"execution_time": 3.9027652740478516, "passed": false}, "29": {"execution_time": 0.4849107265472412, "passed": false}}}, "check_style_score": "0/1"}