{"version": "1", "message": "ERROR: Hidden Testcases server unreachable.", "problem_id": "ads2_m16_a1_1", "user_id": "someshwarthuma", "score": {"sample": {"0": {"execution_time": 0.7788236141204834, "passed": true}, "1": {"execution_time": 0.7585375308990479, "passed": true}, "2": {"execution_time": 1.9403746128082275, "passed": true}, "3": {"execution_time": 1.8753268718719482, "passed": true}, "4": {"execution_time": 1.9073760509490967, "passed": true}, "5": {"execution_time": 2.894050121307373, "passed": true}, "6": {"execution_time": 2.0934231281280518, "passed": true}, "7": {"execution_time": 2.0154271125793457, "passed": true}, "8": {"execution_time": 1.8381049633026123, "passed": true}, "9": {"execution_time": 2.032311201095581, "passed": true}, "10": {"execution_time": 2.2505927085876465, "passed": true}, "11": {"execution_time": 10.099917650222778, "passed": false}, "12": {"execution_time": 2.0234408378601074, "passed": true}, "13": {"execution_time": 0.619462251663208, "passed": true}, "14": {"execution_time": 2.056459903717041, "passed": true}, "15": {"execution_time": 2.117499828338623, "passed": true}, "16": {"execution_time": 0.8926351070404053, "passed": true}, "17": {"execution_time": 0.8746232986450195, "passed": true}, "18": {"execution_time": 0.9146482944488525, "passed": true}, "19": {"execution_time": 1.1378123760223389, "passed": true}, "20": {"execution_time": 1.3459515571594238, "passed": true}, "21": {"execution_time": 0.8155603408813477, "passed": true}, "22": {"execution_time": 0.8165194988250732, "passed": true}, "23": {"execution_time": 1.0377411842346191, "passed": true}, "24": {"execution_time": 0.7855560779571533, "passed": true}, "25": {"execution_time": 2.7683544158935547, "passed": true}, "26": {"execution_time": 2.2025585174560547, "passed": true}, "27": {"execution_time": 2.7739646434783936, "passed": true}, "28": {"execution_time": 4.705339670181274, "passed": true}, "29": {"execution_time": 0.3202245235443115, "passed": true}}}, "check_style_score": "0/1"}