{"version": "1", "message": "ERROR: Hidden Testcases server unreachable.", "problem_id": "ads2_m16_a1_1", "user_id": "someshwarthuma", "score": {"sample": {"0": {"execution_time": 0.7725543975830078, "passed": true}, "1": {"execution_time": 0.8025684356689453, "passed": true}, "2": {"execution_time": 1.939373254776001, "passed": true}, "3": {"execution_time": 1.904646635055542, "passed": true}, "4": {"execution_time": 1.8893375396728516, "passed": true}, "5": {"execution_time": 2.593837022781372, "passed": true}, "6": {"execution_time": 2.0934879779815674, "passed": true}, "7": {"execution_time": 1.982403039932251, "passed": true}, "8": {"execution_time": 1.6651802062988281, "passed": true}, "9": {"execution_time": 2.081474781036377, "passed": true}, "10": {"execution_time": 2.131509780883789, "passed": true}, "11": {"execution_time": 10.087774991989136, "passed": false}, "12": {"execution_time": 3.097193717956543, "passed": true}, "13": {"execution_time": 0.615440845489502, "passed": true}, "14": {"execution_time": 3.621565818786621, "passed": true}, "15": {"execution_time": 3.300869941711426, "passed": true}, "16": {"execution_time": 1.4120004177093506, "passed": true}, "17": {"execution_time": 1.0477426052093506, "passed": true}, "18": {"execution_time": 1.023707389831543, "passed": true}, "19": {"execution_time": 1.158820629119873, "passed": true}, "20": {"execution_time": 1.4350144863128662, "passed": true}, "21": {"execution_time": 0.9676859378814697, "passed": true}, "22": {"execution_time": 1.382978916168213, "passed": true}, "23": {"execution_time": 2.7959797382354736, "passed": true}, "24": {"execution_time": 0.8115799427032471, "passed": true}, "25": {"execution_time": 4.043395757675171, "passed": true}, "26": {"execution_time": 3.5084846019744873, "passed": true}, "27": {"execution_time": 4.047867059707642, "passed": true}, "28": {"execution_time": 5.003422975540161, "passed": true}, "29": {"execution_time": 0.46897268295288086, "passed": false}}}, "check_style_score": "0/1"}