{"version": "1", "message": "ERROR: Hidden Testcases server unreachable.", "problem_id": "ads2_m16_a1_1", "user_id": "someshwarthuma", "score": {"sample": {"0": {"execution_time": 0.9546759128570557, "passed": false}, "1": {"execution_time": 1.0197231769561768, "passed": false}, "2": {"execution_time": 3.0241432189941406, "passed": true}, "3": {"execution_time": 2.9330780506134033, "passed": false}, "4": {"execution_time": 3.0511598587036133, "passed": false}, "5": {"execution_time": 3.105198860168457, "passed": false}, "6": {"execution_time": 3.695188283920288, "passed": false}, "7": {"execution_time": 2.8099782466888428, "passed": true}, "8": {"execution_time": 1.3629651069641113, "passed": false}, "9": {"execution_time": 3.099194049835205, "passed": true}, "10": {"execution_time": 4.033856630325317, "passed": true}, "11": {"execution_time": 1.8433120250701904, "passed": false}, "12": {"execution_time": 2.870032548904419, "passed": false}, "13": {"execution_time": 0.825160026550293, "passed": true}, "14": {"execution_time": 2.8400111198425293, "passed": true}, "15": {"execution_time": 3.619563102722168, "passed": false}, "16": {"execution_time": 1.269899845123291, "passed": true}, "17": {"execution_time": 1.1678266525268555, "passed": true}, "18": {"execution_time": 1.3779761791229248, "passed": true}, "19": {"execution_time": 3.1272151470184326, "passed": false}, "20": {"execution_time": 2.3566689491271973, "passed": false}, "21": {"execution_time": 1.361987590789795, "passed": true}, "22": {"execution_time": 1.4109992980957031, "passed": true}, "23": {"execution_time": 2.534795045852661, "passed": false}, "24": {"execution_time": 0.8856263160705566, "passed": true}, "25": {"execution_time": 3.570528745651245, "passed": false}, "26": {"execution_time": 3.235290765762329, "passed": false}, "27": {"execution_time": 4.165950298309326, "passed": false}, "28": {"execution_time": 6.136345386505127, "passed": false}, "29": {"execution_time": 0.7385234832763672, "passed": false}}}, "check_style_score": "0/1"}