{"version": "1", "message": "ERROR: Hidden Testcases server unreachable.", "problem_id": "ads2_m16_a1_1", "user_id": "someshwarthuma", "score": {"sample": {"0": {"execution_time": 1.0307321548461914, "passed": false}, "1": {"execution_time": 1.1077845096588135, "passed": false}, "2": {"execution_time": 2.8119912147521973, "passed": true}, "3": {"execution_time": 3.2563064098358154, "passed": true}, "4": {"execution_time": 2.6178548336029053, "passed": false}, "5": {"execution_time": 2.8868045806884766, "passed": false}, "6": {"execution_time": 2.927070379257202, "passed": false}, "7": {"execution_time": 2.4847614765167236, "passed": true}, "8": {"execution_time": 1.2268691062927246, "passed": false}, "9": {"execution_time": 2.6586520671844482, "passed": true}, "10": {"execution_time": 2.5998411178588867, "passed": true}, "11": {"execution_time": 10.11776614189148, "passed": false}, "12": {"execution_time": 2.637889862060547, "passed": false}, "13": {"execution_time": 0.718508243560791, "passed": true}, "14": {"execution_time": 2.606846570968628, "passed": true}, "15": {"execution_time": 2.569819688796997, "passed": false}, "16": {"execution_time": 1.1678285598754883, "passed": true}, "17": {"execution_time": 1.0957770347595215, "passed": false}, "18": {"execution_time": 1.1581330299377441, "passed": false}, "19": {"execution_time": 1.4069974422454834, "passed": false}, "20": {"execution_time": 2.320643663406372, "passed": false}, "21": {"execution_time": 1.0867700576782227, "passed": true}, "22": {"execution_time": 1.1267974376678467, "passed": true}, "23": {"execution_time": 1.305985450744629, "passed": false}, "24": {"execution_time": 0.6364500522613525, "passed": true}, "25": {"execution_time": 3.6716010570526123, "passed": false}, "26": {"execution_time": 3.0971920490264893, "passed": false}, "27": {"execution_time": 3.7186405658721924, "passed": false}, "28": {"execution_time": 6.342491388320923, "passed": false}, "29": {"execution_time": 0.5934205055236816, "passed": false}}}, "check_style_score": "0/1"}