{"version": "1", "message": "ERROR: Hidden Testcases server unreachable.", "problem_id": "ads2_m16_a1_1", "user_id": "someshwarthuma", "score": {"sample": {"0": {"execution_time": 1.077765703201294, "passed": false}, "1": {"execution_time": 0.9486713409423828, "passed": false}, "2": {"execution_time": 2.611849069595337, "passed": true}, "3": {"execution_time": 2.712921619415283, "passed": false}, "4": {"execution_time": 2.5848302841186523, "passed": false}, "5": {"execution_time": 2.7029170989990234, "passed": false}, "6": {"execution_time": 2.5468039512634277, "passed": false}, "7": {"execution_time": 2.640869617462158, "passed": true}, "8": {"execution_time": 1.6381592750549316, "passed": false}, "9": {"execution_time": 2.6688904762268066, "passed": true}, "10": {"execution_time": 2.6889052391052246, "passed": true}, "11": {"execution_time": 1.6851940155029297, "passed": false}, "12": {"execution_time": 2.4407293796539307, "passed": false}, "13": {"execution_time": 0.7205097675323486, "passed": true}, "14": {"execution_time": 2.6939074993133545, "passed": true}, "15": {"execution_time": 2.53863263130188, "passed": false}, "16": {"execution_time": 1.168828010559082, "passed": true}, "17": {"execution_time": 1.2608931064605713, "passed": true}, "18": {"execution_time": 1.7968084812164307, "passed": true}, "19": {"execution_time": 1.6471660137176514, "passed": false}, "20": {"execution_time": 1.7762579917907715, "passed": false}, "21": {"execution_time": 1.3689689636230469, "passed": true}, "22": {"execution_time": 1.3879823684692383, "passed": true}, "23": {"execution_time": 1.4250099658966064, "passed": false}, "24": {"execution_time": 0.7155070304870605, "passed": true}, "25": {"execution_time": 3.469456911087036, "passed": false}, "26": {"execution_time": 2.703915596008301, "passed": false}, "27": {"execution_time": 4.182962417602539, "passed": false}, "28": {"execution_time": 4.808412551879883, "passed": false}, "29": {"execution_time": 0.5643997192382812, "passed": false}}}, "check_style_score": "0/1"}