{"version": "1", "message": "ERROR: Hidden Testcases server unreachable.", "problem_id": "ads2_m16_a1_1", "user_id": "someshwarthuma", "score": {"sample": {"0": {"execution_time": 0.783562183380127, "passed": true}, "1": {"execution_time": 0.7645409107208252, "passed": true}, "2": {"execution_time": 1.8683228492736816, "passed": true}, "3": {"execution_time": 1.9093501567840576, "passed": true}, "4": {"execution_time": 1.9153616428375244, "passed": true}, "5": {"execution_time": 2.2175698280334473, "passed": true}, "6": {"execution_time": 2.1325085163116455, "passed": true}, "7": {"execution_time": 2.4527366161346436, "passed": true}, "8": {"execution_time": 1.0827951431274414, "passed": true}, "9": {"execution_time": 2.397697925567627, "passed": true}, "10": {"execution_time": 2.2175705432891846, "passed": true}, "11": {"execution_time": 10.113001108169556, "passed": false}, "12": {"execution_time": 2.1625356674194336, "passed": true}, "13": {"execution_time": 0.5884156227111816, "passed": true}, "14": {"execution_time": 2.185546398162842, "passed": true}, "15": {"execution_time": 2.1755406856536865, "passed": true}, "16": {"execution_time": 0.9146556854248047, "passed": true}, "17": {"execution_time": 0.9106450080871582, "passed": true}, "18": {"execution_time": 1.0307304859161377, "passed": true}, "19": {"execution_time": 1.1898424625396729, "passed": true}, "20": {"execution_time": 1.445024013519287, "passed": true}, "21": {"execution_time": 0.8766207695007324, "passed": true}, "22": {"execution_time": 0.8966350555419922, "passed": true}, "23": {"execution_time": 1.184844970703125, "passed": true}, "24": {"execution_time": 0.6954922676086426, "passed": true}, "25": {"execution_time": 3.0721757411956787, "passed": true}, "26": {"execution_time": 2.38069486618042, "passed": true}, "27": {"execution_time": 2.782505750656128, "passed": true}, "28": {"execution_time": 4.595261573791504, "passed": true}, "29": {"execution_time": 0.3232107162475586, "passed": true}}}, "check_style_score": "0/1"}