{"version": "1", "message": "ERROR: Hidden Testcases server unreachable.", "problem_id": "ads2_m16_a1_1", "user_id": "someshwarthuma", "score": {"sample": {"0": {"execution_time": 0.9536759853363037, "passed": false}, "1": {"execution_time": 1.0207228660583496, "passed": false}, "2": {"execution_time": 2.5308239459991455, "passed": true}, "3": {"execution_time": 3.1011979579925537, "passed": true}, "4": {"execution_time": 2.9040567874908447, "passed": false}, "5": {"execution_time": 3.71366286277771, "passed": false}, "6": {"execution_time": 3.4344322681427, "passed": false}, "7": {"execution_time": 2.4167113304138184, "passed": true}, "8": {"execution_time": 1.1988484859466553, "passed": false}, "9": {"execution_time": 2.7649948596954346, "passed": true}, "10": {"execution_time": 2.793978452682495, "passed": true}, "11": {"execution_time": 10.260223388671875, "passed": false}, "12": {"execution_time": 2.4687485694885254, "passed": false}, "13": {"execution_time": 1.2008497714996338, "passed": true}, "14": {"execution_time": 2.5943615436553955, "passed": true}, "15": {"execution_time": 2.835007429122925, "passed": false}, "16": {"execution_time": 1.1738348007202148, "passed": true}, "17": {"execution_time": 1.1187925338745117, "passed": false}, "18": {"execution_time": 1.1628236770629883, "passed": false}, "19": {"execution_time": 1.4990806579589844, "passed": false}, "20": {"execution_time": 1.9413750171661377, "passed": false}, "21": {"execution_time": 1.1033179759979248, "passed": true}, "22": {"execution_time": 1.1077864170074463, "passed": true}, "23": {"execution_time": 1.2228658199310303, "passed": false}, "24": {"execution_time": 0.6794817447662354, "passed": true}, "25": {"execution_time": 3.2853329181671143, "passed": false}, "26": {"execution_time": 3.047696352005005, "passed": false}, "27": {"execution_time": 3.6465988159179688, "passed": false}, "28": {"execution_time": 5.253733158111572, "passed": false}, "29": {"execution_time": 0.6465291976928711, "passed": false}}}, "check_style_score": "0/1"}