{"version": "1", "message": "ERROR: Hidden Testcases server unreachable.", "problem_id": "ads2_m16_a1_1", "user_id": "someshwarthuma", "score": {"sample": {"0": {"execution_time": 0.7505316734313965, "passed": true}, "1": {"execution_time": 0.7125029563903809, "passed": true}, "2": {"execution_time": 1.5861232280731201, "passed": true}, "3": {"execution_time": 1.560105323791504, "passed": true}, "4": {"execution_time": 1.6681816577911377, "passed": true}, "5": {"execution_time": 2.21256685256958, "passed": true}, "6": {"execution_time": 1.8573155403137207, "passed": true}, "7": {"execution_time": 1.85831618309021, "passed": true}, "8": {"execution_time": 1.9393737316131592, "passed": true}, "9": {"execution_time": 1.6741859912872314, "passed": true}, "10": {"execution_time": 1.5751149654388428, "passed": true}, "11": {"execution_time": 8.02470088005066, "passed": true}, "12": {"execution_time": 2.802985906600952, "passed": true}, "13": {"execution_time": 0.6124317646026611, "passed": true}, "14": {"execution_time": 1.6111412048339844, "passed": true}, "15": {"execution_time": 1.6891963481903076, "passed": true}, "16": {"execution_time": 0.8506021499633789, "passed": true}, "17": {"execution_time": 0.8315887451171875, "passed": true}, "18": {"execution_time": 0.8386325836181641, "passed": true}, "19": {"execution_time": 0.9646835327148438, "passed": true}, "20": {"execution_time": 1.1488134860992432, "passed": true}, "21": {"execution_time": 0.8606061935424805, "passed": true}, "22": {"execution_time": 0.7815523147583008, "passed": true}, "23": {"execution_time": 0.8946337699890137, "passed": true}, "24": {"execution_time": 0.5714185237884521, "passed": true}, "25": {"execution_time": 2.7870044708251953, "passed": true}, "26": {"execution_time": 2.100965976715088, "passed": true}, "27": {"execution_time": 2.332590341567993, "passed": true}, "28": {"execution_time": 3.4534332752227783, "passed": true}, "29": {"execution_time": 0.3332364559173584, "passed": true}}}, "check_style_score": "0/1"}