{"version": "1", "message": "ERROR: Hidden Testcases server unreachable.", "problem_id": "ads2_m16_a1_1", "user_id": "someshwarthuma", "score": {"sample": {"0": {"execution_time": 0.6994960308074951, "passed": true}, "1": {"execution_time": 0.699495792388916, "passed": true}, "2": {"execution_time": 1.7372286319732666, "passed": true}, "3": {"execution_time": 1.781261682510376, "passed": true}, "4": {"execution_time": 1.7982733249664307, "passed": true}, "5": {"execution_time": 2.684901475906372, "passed": true}, "6": {"execution_time": 1.576122760772705, "passed": true}, "7": {"execution_time": 1.5841214656829834, "passed": true}, "8": {"execution_time": 1.5244722366333008, "passed": true}, "9": {"execution_time": 1.6271600723266602, "passed": true}, "10": {"execution_time": 1.4770452976226807, "passed": true}, "11": {"execution_time": 8.050718307495117, "passed": true}, "12": {"execution_time": 2.3396570682525635, "passed": true}, "13": {"execution_time": 0.5650603771209717, "passed": true}, "14": {"execution_time": 1.5631606578826904, "passed": true}, "15": {"execution_time": 1.5661091804504395, "passed": true}, "16": {"execution_time": 0.8115782737731934, "passed": true}, "17": {"execution_time": 0.7675378322601318, "passed": true}, "18": {"execution_time": 0.8175873756408691, "passed": true}, "19": {"execution_time": 0.8726179599761963, "passed": true}, "20": {"execution_time": 1.0197279453277588, "passed": true}, "21": {"execution_time": 0.7475275993347168, "passed": true}, "22": {"execution_time": 0.7015049457550049, "passed": true}, "23": {"execution_time": 0.766096830368042, "passed": true}, "24": {"execution_time": 0.5503904819488525, "passed": true}, "25": {"execution_time": 2.2576069831848145, "passed": true}, "26": {"execution_time": 2.8880457878112793, "passed": true}, "27": {"execution_time": 2.7459447383880615, "passed": true}, "28": {"execution_time": 5.875162363052368, "passed": true}, "29": {"execution_time": 0.5263729095458984, "passed": true}}}, "check_style_score": "0/1"}