{"version": "1", "message": "ERROR: Hidden Testcases server unreachable.", "problem_id": "ads2_m16_a1_1", "user_id": "someshwarthuma", "score": {"sample": {"0": {"execution_time": 0.8110575675964355, "passed": true}, "1": {"execution_time": 0.8225815296173096, "passed": true}, "2": {"execution_time": 1.953383445739746, "passed": true}, "3": {"execution_time": 2.247591257095337, "passed": true}, "4": {"execution_time": 1.8934602737426758, "passed": true}, "5": {"execution_time": 2.043447494506836, "passed": true}, "6": {"execution_time": 2.040445566177368, "passed": true}, "7": {"execution_time": 2.142517328262329, "passed": true}, "8": {"execution_time": 1.0347321033477783, "passed": true}, "9": {"execution_time": 2.4026997089385986, "passed": true}, "10": {"execution_time": 2.3986988067626953, "passed": true}, "11": {"execution_time": 10.073881387710571, "passed": false}, "12": {"execution_time": 2.2666046619415283, "passed": true}, "13": {"execution_time": 0.6114318370819092, "passed": true}, "14": {"execution_time": 2.1103131771087646, "passed": true}, "15": {"execution_time": 2.713928699493408, "passed": true}, "16": {"execution_time": 0.9646954536437988, "passed": true}, "17": {"execution_time": 0.8766207695007324, "passed": true}, "18": {"execution_time": 0.9156556129455566, "passed": true}, "19": {"execution_time": 1.1648218631744385, "passed": true}, "20": {"execution_time": 1.3758928775787354, "passed": true}, "21": {"execution_time": 0.8696141242980957, "passed": true}, "22": {"execution_time": 0.8696436882019043, "passed": true}, "23": {"execution_time": 1.0417344570159912, "passed": true}, "24": {"execution_time": 0.5403826236724854, "passed": true}, "25": {"execution_time": 3.0781800746917725, "passed": true}, "26": {"execution_time": 2.2736105918884277, "passed": true}, "27": {"execution_time": 3.3263559341430664, "passed": true}, "28": {"execution_time": 5.061258316040039, "passed": true}, "29": {"execution_time": 0.38727450370788574, "passed": true}}}, "check_style_score": "0/1"}