{"version": "1", "message": "ERROR: Hidden Testcases server unreachable.", "problem_id": "ads2_m16_a1_1", "user_id": "someshwarthuma", "score": {"sample": {"0": {"execution_time": 0.7875607013702393, "passed": true}, "1": {"execution_time": 0.7645378112792969, "passed": true}, "2": {"execution_time": 1.8953495025634766, "passed": true}, "3": {"execution_time": 1.9323687553405762, "passed": true}, "4": {"execution_time": 2.2696073055267334, "passed": true}, "5": {"execution_time": 2.104490280151367, "passed": true}, "6": {"execution_time": 3.146228313446045, "passed": true}, "7": {"execution_time": 3.8527281284332275, "passed": true}, "8": {"execution_time": 1.3559601306915283, "passed": true}, "9": {"execution_time": 2.9040567874908447, "passed": true}, "10": {"execution_time": 2.832005500793457, "passed": true}, "11": {"execution_time": 10.285664081573486, "passed": false}, "12": {"execution_time": 2.7599425315856934, "passed": true}, "13": {"execution_time": 0.7965636253356934, "passed": true}, "14": {"execution_time": 2.846015214920044, "passed": true}, "15": {"execution_time": 2.6754322052001953, "passed": true}, "16": {"execution_time": 1.543837308883667, "passed": true}, "17": {"execution_time": 1.4650371074676514, "passed": true}, "18": {"execution_time": 2.085477590560913, "passed": true}, "19": {"execution_time": 1.729224681854248, "passed": true}, "20": {"execution_time": 1.9683969020843506, "passed": true}, "21": {"execution_time": 1.4150030612945557, "passed": true}, "22": {"execution_time": 1.2118592262268066, "passed": true}, "23": {"execution_time": 1.378976583480835, "passed": true}, "24": {"execution_time": 0.6974947452545166, "passed": true}, "25": {"execution_time": 3.8747575283050537, "passed": true}, "26": {"execution_time": 3.307342767715454, "passed": true}, "27": {"execution_time": 4.232996940612793, "passed": true}, "28": {"execution_time": 6.0722997188568115, "passed": true}, "29": {"execution_time": 0.6544620990753174, "passed": false}}}, "check_style_score": "0/1"}