{"version": "1", "message": "ERROR: Hidden Testcases server unreachable.", "problem_id": "ads2_m16_a1_1", "user_id": "someshwarthuma", "score": {"sample": {"0": {"execution_time": 0.8576064109802246, "passed": false}, "1": {"execution_time": 0.7682363986968994, "passed": false}, "2": {"execution_time": 1.949364423751831, "passed": false}, "3": {"execution_time": 1.854313611984253, "passed": false}, "4": {"execution_time": 1.9334113597869873, "passed": false}, "5": {"execution_time": 1.8413045406341553, "passed": false}, "6": {"execution_time": 3.623566150665283, "passed": false}, "7": {"execution_time": 1.9383726119995117, "passed": false}, "8": {"execution_time": 0.9967069625854492, "passed": false}, "9": {"execution_time": 1.9353702068328857, "passed": false}, "10": {"execution_time": 1.9763994216918945, "passed": false}, "11": {"execution_time": 1.1918439865112305, "passed": false}, "12": {"execution_time": 2.3366544246673584, "passed": false}, "13": {"execution_time": 0.7465286254882812, "passed": false}, "14": {"execution_time": 2.075469493865967, "passed": false}, "15": {"execution_time": 1.8453073501586914, "passed": false}, "16": {"execution_time": 1.0893049240112305, "passed": false}, "17": {"execution_time": 1.0357322692871094, "passed": false}, "18": {"execution_time": 0.956676721572876, "passed": false}, "19": {"execution_time": 1.0827665328979492, "passed": false}, "20": {"execution_time": 1.004711627960205, "passed": false}, "21": {"execution_time": 0.9796957969665527, "passed": false}, "22": {"execution_time": 1.6811907291412354, "passed": false}, "23": {"execution_time": 1.1237947940826416, "passed": false}, "24": {"execution_time": 0.5474028587341309, "passed": false}, "25": {"execution_time": 1.6881942749023438, "passed": false}, "26": {"execution_time": 1.6131420135498047, "passed": false}, "27": {"execution_time": 1.905348777770996, "passed": false}, "28": {"execution_time": 3.2342896461486816, "passed": false}, "29": {"execution_time": 0.5894176959991455, "passed": false}}}, "check_style_score": "0/1"}