{"version": "1", "message": "ERROR: Hidden Testcases server unreachable.", "problem_id": "ads2_m16_a1_1", "user_id": "someshwarthuma", "score": {"sample": {"0": {"execution_time": 0.73952317237854, "passed": true}, "1": {"execution_time": 0.7925615310668945, "passed": true}, "2": {"execution_time": 1.6001334190368652, "passed": true}, "3": {"execution_time": 1.6156997680664062, "passed": true}, "4": {"execution_time": 1.6371593475341797, "passed": true}, "5": {"execution_time": 2.420208692550659, "passed": true}, "6": {"execution_time": 1.698202133178711, "passed": true}, "7": {"execution_time": 1.6771883964538574, "passed": true}, "8": {"execution_time": 1.5200769901275635, "passed": true}, "9": {"execution_time": 1.6341571807861328, "passed": true}, "10": {"execution_time": 1.627152919769287, "passed": true}, "11": {"execution_time": 8.318844079971313, "passed": true}, "12": {"execution_time": 2.7799692153930664, "passed": true}, "13": {"execution_time": 0.5992233753204346, "passed": true}, "14": {"execution_time": 1.6331541538238525, "passed": true}, "15": {"execution_time": 1.686192512512207, "passed": true}, "16": {"execution_time": 0.8775935173034668, "passed": true}, "17": {"execution_time": 0.864609956741333, "passed": true}, "18": {"execution_time": 0.8465979099273682, "passed": true}, "19": {"execution_time": 1.025726079940796, "passed": true}, "20": {"execution_time": 1.1398069858551025, "passed": true}, "21": {"execution_time": 0.8115744590759277, "passed": true}, "22": {"execution_time": 0.8075711727142334, "passed": true}, "23": {"execution_time": 0.8746192455291748, "passed": true}, "24": {"execution_time": 0.5887434482574463, "passed": true}, "25": {"execution_time": 2.8525071144104004, "passed": true}, "26": {"execution_time": 2.062459945678711, "passed": true}, "27": {"execution_time": 2.3406569957733154, "passed": true}, "28": {"execution_time": 3.5985100269317627, "passed": true}, "29": {"execution_time": 0.3422424793243408, "passed": true}}}, "check_style_score": "0/1"}