{"version": "1", "message": "ERROR: Hidden Testcases server unreachable.", "problem_id": "ads2_m16_a1_1", "user_id": "someshwarthuma", "score": {"sample": {"0": {"execution_time": 0.7361986637115479, "passed": true}, "1": {"execution_time": 0.7685508728027344, "passed": true}, "2": {"execution_time": 1.718217134475708, "passed": true}, "3": {"execution_time": 1.7692630290985107, "passed": true}, "4": {"execution_time": 1.8806345462799072, "passed": true}, "5": {"execution_time": 1.8543128967285156, "passed": true}, "6": {"execution_time": 1.7032060623168945, "passed": true}, "7": {"execution_time": 1.9443771839141846, "passed": true}, "8": {"execution_time": 0.9957034587860107, "passed": true}, "9": {"execution_time": 1.7832629680633545, "passed": true}, "10": {"execution_time": 1.5320849418640137, "passed": true}, "11": {"execution_time": 8.14503026008606, "passed": true}, "12": {"execution_time": 1.6391856670379639, "passed": true}, "13": {"execution_time": 0.6454570293426514, "passed": true}, "14": {"execution_time": 1.5390899181365967, "passed": true}, "15": {"execution_time": 1.594127893447876, "passed": true}, "16": {"execution_time": 0.8406248092651367, "passed": true}, "17": {"execution_time": 0.7695446014404297, "passed": true}, "18": {"execution_time": 0.8346049785614014, "passed": true}, "19": {"execution_time": 0.8345916271209717, "passed": true}, "20": {"execution_time": 1.4510276317596436, "passed": true}, "21": {"execution_time": 0.7014999389648438, "passed": true}, "22": {"execution_time": 1.0527448654174805, "passed": true}, "23": {"execution_time": 0.8085730075836182, "passed": true}, "24": {"execution_time": 0.6284451484680176, "passed": true}, "25": {"execution_time": 2.3746821880340576, "passed": true}, "26": {"execution_time": 1.733086347579956, "passed": true}, "27": {"execution_time": 2.536391496658325, "passed": true}, "28": {"execution_time": 3.265312910079956, "passed": true}, "29": {"execution_time": 0.30979061126708984, "passed": true}}}, "check_style_score": "0/1"}