{"version": "1", "message": "ERROR: Hidden Testcases server unreachable.", "problem_id": "ads2_m16_a1_1", "user_id": "someshwarthuma", "score": {"sample": {"0": {"execution_time": 0.9276566505432129, "passed": false}, "1": {"execution_time": 0.7745513916015625, "passed": false}, "2": {"execution_time": 2.2666127681732178, "passed": true}, "3": {"execution_time": 2.0544538497924805, "passed": false}, "4": {"execution_time": 2.1201188564300537, "passed": false}, "5": {"execution_time": 2.286616563796997, "passed": false}, "6": {"execution_time": 1.99641752243042, "passed": false}, "7": {"execution_time": 1.9163541793823242, "passed": true}, "8": {"execution_time": 0.8766252994537354, "passed": false}, "9": {"execution_time": 2.447667360305786, "passed": true}, "10": {"execution_time": 2.5177817344665527, "passed": true}, "11": {"execution_time": 1.4110043048858643, "passed": false}, "12": {"execution_time": 2.135542631149292, "passed": false}, "13": {"execution_time": 0.6224410533905029, "passed": true}, "14": {"execution_time": 2.1931042671203613, "passed": true}, "15": {"execution_time": 2.209564447402954, "passed": false}, "16": {"execution_time": 1.040743350982666, "passed": true}, "17": {"execution_time": 0.8716335296630859, "passed": true}, "18": {"execution_time": 0.9426736831665039, "passed": true}, "19": {"execution_time": 1.3779735565185547, "passed": false}, "20": {"execution_time": 1.377774715423584, "passed": false}, "21": {"execution_time": 0.8586070537567139, "passed": true}, "22": {"execution_time": 0.8636112213134766, "passed": true}, "23": {"execution_time": 1.024728775024414, "passed": false}, "24": {"execution_time": 0.5393800735473633, "passed": true}, "25": {"execution_time": 2.369577646255493, "passed": false}, "26": {"execution_time": 2.0964841842651367, "passed": false}, "27": {"execution_time": 2.212563991546631, "passed": false}, "28": {"execution_time": 3.9688119888305664, "passed": false}, "29": {"execution_time": 0.4611637592315674, "passed": false}}}, "check_style_score": "0/1"}