{"version": "1", "message": "ERROR: Hidden Testcases server unreachable.", "problem_id": "ads2_m16_a1_1", "user_id": "someshwarthuma", "score": {"sample": {"0": {"execution_time": 0.9126453399658203, "passed": false}, "1": {"execution_time": 0.8626103401184082, "passed": false}, "2": {"execution_time": 2.245582103729248, "passed": true}, "3": {"execution_time": 2.341193914413452, "passed": true}, "4": {"execution_time": 2.6318633556365967, "passed": false}, "5": {"execution_time": 2.446732997894287, "passed": false}, "6": {"execution_time": 2.8660292625427246, "passed": false}, "7": {"execution_time": 2.518784284591675, "passed": true}, "8": {"execution_time": 1.2789058685302734, "passed": false}, "9": {"execution_time": 2.9701030254364014, "passed": true}, "10": {"execution_time": 2.779968738555908, "passed": true}, "11": {"execution_time": 10.104728937149048, "passed": false}, "12": {"execution_time": 2.547804355621338, "passed": false}, "13": {"execution_time": 0.8005669116973877, "passed": true}, "14": {"execution_time": 2.386219024658203, "passed": true}, "15": {"execution_time": 2.617844343185425, "passed": false}, "16": {"execution_time": 1.1047823429107666, "passed": true}, "17": {"execution_time": 1.109785795211792, "passed": false}, "18": {"execution_time": 1.128798484802246, "passed": false}, "19": {"execution_time": 1.4600565433502197, "passed": false}, "20": {"execution_time": 2.481785297393799, "passed": false}, "21": {"execution_time": 1.1508145332336426, "passed": true}, "22": {"execution_time": 1.25888991355896, "passed": true}, "23": {"execution_time": 1.2468841075897217, "passed": false}, "24": {"execution_time": 0.6074397563934326, "passed": true}, "25": {"execution_time": 3.182253837585449, "passed": false}, "26": {"execution_time": 2.7499470710754395, "passed": false}, "27": {"execution_time": 3.230287551879883, "passed": false}, "28": {"execution_time": 4.751232862472534, "passed": false}, "29": {"execution_time": 0.57840895652771, "passed": false}}}, "check_style_score": "0/1"}