{"version": "1", "message": "ERROR: Hidden Testcases server unreachable.", "problem_id": "ads2_m16_a1_1", "user_id": "someshwarthuma", "score": {"sample": {"0": {"execution_time": 0.7555418014526367, "passed": true}, "1": {"execution_time": 0.6624693870544434, "passed": true}, "2": {"execution_time": 1.620147705078125, "passed": true}, "3": {"execution_time": 1.5701124668121338, "passed": true}, "4": {"execution_time": 1.62314772605896, "passed": true}, "5": {"execution_time": 1.7882664203643799, "passed": true}, "6": {"execution_time": 1.6521708965301514, "passed": true}, "7": {"execution_time": 1.6581737995147705, "passed": true}, "8": {"execution_time": 3.3994078636169434, "passed": true}, "9": {"execution_time": 2.412708282470703, "passed": true}, "10": {"execution_time": 2.0584564208984375, "passed": true}, "11": {"execution_time": 10.149188756942749, "passed": false}, "12": {"execution_time": 3.4474401473999023, "passed": true}, "13": {"execution_time": 0.686486005783081, "passed": true}, "14": {"execution_time": 2.0284366607666016, "passed": true}, "15": {"execution_time": 3.338365316390991, "passed": true}, "16": {"execution_time": 1.438019037246704, "passed": true}, "17": {"execution_time": 1.5110702514648438, "passed": true}, "18": {"execution_time": 1.6101405620574951, "passed": true}, "19": {"execution_time": 1.88033127784729, "passed": true}, "20": {"execution_time": 3.436972141265869, "passed": true}, "21": {"execution_time": 1.52708101272583, "passed": true}, "22": {"execution_time": 1.5320847034454346, "passed": true}, "23": {"execution_time": 1.5901281833648682, "passed": true}, "24": {"execution_time": 1.1187915802001953, "passed": true}, "25": {"execution_time": 3.981823682785034, "passed": true}, "26": {"execution_time": 3.3153467178344727, "passed": true}, "27": {"execution_time": 2.6979146003723145, "passed": true}, "28": {"execution_time": 3.7426517009735107, "passed": true}, "29": {"execution_time": 0.37726378440856934, "passed": true}}}, "check_style_score": "0/1"}