{"version": "1", "message": "ERROR: Hidden Testcases server unreachable.", "problem_id": "ads2_m16_a1_1", "user_id": "someshwarthuma", "score": {"sample": {"0": {"execution_time": 1.0857675075531006, "passed": false}, "1": {"execution_time": 1.0867702960968018, "passed": false}, "2": {"execution_time": 2.6508772373199463, "passed": true}, "3": {"execution_time": 2.61187744140625, "passed": false}, "4": {"execution_time": 2.391693353652954, "passed": false}, "5": {"execution_time": 2.7602384090423584, "passed": false}, "6": {"execution_time": 3.1312167644500732, "passed": false}, "7": {"execution_time": 2.8990530967712402, "passed": true}, "8": {"execution_time": 1.469041347503662, "passed": false}, "9": {"execution_time": 3.0401525497436523, "passed": true}, "10": {"execution_time": 2.9881269931793213, "passed": true}, "11": {"execution_time": 0.7215108871459961, "passed": false}, "12": {"execution_time": 2.4591517448425293, "passed": false}, "13": {"execution_time": 0.9106435775756836, "passed": true}, "14": {"execution_time": 3.4094126224517822, "passed": true}, "15": {"execution_time": 2.631863594055176, "passed": false}, "16": {"execution_time": 1.186840295791626, "passed": true}, "17": {"execution_time": 1.3339447975158691, "passed": true}, "18": {"execution_time": 1.162822961807251, "passed": true}, "19": {"execution_time": 1.417003870010376, "passed": false}, "20": {"execution_time": 1.593127965927124, "passed": false}, "21": {"execution_time": 1.5210769176483154, "passed": true}, "22": {"execution_time": 1.1688284873962402, "passed": true}, "23": {"execution_time": 1.3689777851104736, "passed": false}, "24": {"execution_time": 0.6574609279632568, "passed": true}, "25": {"execution_time": 3.004960536956787, "passed": false}, "26": {"execution_time": 2.62886118888855, "passed": false}, "27": {"execution_time": 3.125214099884033, "passed": false}, "28": {"execution_time": 5.716048955917358, "passed": false}, "29": {"execution_time": 0.7095026969909668, "passed": false}}}, "check_style_score": "0/1"}