{"version": "1", "message": "ERROR: Hidden Testcases server unreachable.", "problem_id": "ads2_m6_a1_1", "user_id": "someshwarthuma", "score": {"sample": {"0": {"execution_time": 0.5143997669219971, "passed": false}, "1": {"execution_time": 0.526374340057373, "passed": false}, "2": {"execution_time": 0.5453882217407227, "passed": false}, "3": {"execution_time": 0.5453917980194092, "passed": false}, "4": {"execution_time": 0.5403814315795898, "passed": true}, "5": {"execution_time": 0.5643994808197021, "passed": false}, "6": {"execution_time": 0.526395320892334, "passed": true}, "7": {"execution_time": 0.5333795547485352, "passed": false}, "8": {"execution_time": 0.5183908939361572, "passed": true}, "9": {"execution_time": 0.5373806953430176, "passed": true}, "10": {"execution_time": 0.4823415279388428, "passed": true}, "11": {"execution_time": 0.5643985271453857, "passed": false}}}, "check_style_score": "0/1"}