{"version": "1", "message": "ERROR: Hidden Testcases server unreachable.", "problem_id": "ads2_m6_a1_1", "user_id": "someshwarthuma", "score": {"sample": {"0": {"execution_time": 0.5029826164245605, "passed": false}, "1": {"execution_time": 0.5035037994384766, "passed": false}, "2": {"execution_time": 0.5178322792053223, "passed": false}, "3": {"execution_time": 0.5331017971038818, "passed": false}, "4": {"execution_time": 0.5394692420959473, "passed": false}, "5": {"execution_time": 0.5682902336120605, "passed": false}, "6": {"execution_time": 0.516063928604126, "passed": true}, "7": {"execution_time": 0.5299875736236572, "passed": false}, "8": {"execution_time": 0.5244901180267334, "passed": true}, "9": {"execution_time": 0.5314192771911621, "passed": false}, "10": {"execution_time": 0.4857926368713379, "passed": true}, "11": {"execution_time": 0.5467650890350342, "passed": false}}}, "check_style_score": "0/1"}