{"version": "1", "message": "ERROR: Hidden Testcases server unreachable.", "problem_id": "ads2_m6_a1_1", "user_id": "someshwarthuma", "score": {"sample": {"0": {"execution_time": 0.5123627185821533, "passed": false}, "1": {"execution_time": 0.518369197845459, "passed": false}, "2": {"execution_time": 0.519310712814331, "passed": false}, "3": {"execution_time": 0.5383868217468262, "passed": false}, "4": {"execution_time": 0.5323834419250488, "passed": false}, "5": {"execution_time": 0.5634007453918457, "passed": true}, "6": {"execution_time": 0.5033636093139648, "passed": true}, "7": {"execution_time": 0.5162618160247803, "passed": false}, "8": {"execution_time": 0.5797319412231445, "passed": true}, "9": {"execution_time": 0.5433909893035889, "passed": false}, "10": {"execution_time": 0.5053651332855225, "passed": true}, "11": {"execution_time": 0.5613985061645508, "passed": false}}}, "check_style_score": "0/1"}