{"version": "1", "message": "ERROR: Hidden Testcases server unreachable.", "problem_id": "ads2_m6_a1_1", "user_id": "someshwarthuma", "score": {"sample": {"0": {"execution_time": 0.5012204647064209, "passed": false}, "1": {"execution_time": 0.5360252857208252, "passed": false}, "2": {"execution_time": 0.5369231700897217, "passed": false}, "3": {"execution_time": 0.515944242477417, "passed": false}, "4": {"execution_time": 0.5019433498382568, "passed": false}, "5": {"execution_time": 0.533128023147583, "passed": false}, "6": {"execution_time": 0.5015442371368408, "passed": true}, "7": {"execution_time": 0.5003740787506104, "passed": false}, "8": {"execution_time": 0.5298271179199219, "passed": true}, "9": {"execution_time": 0.5276026725769043, "passed": false}, "10": {"execution_time": 0.49431896209716797, "passed": true}, "11": {"execution_time": 0.5488269329071045, "passed": false}}}, "check_style_score": "0/1"}