{"version": "1", "message": "ERROR: Hidden Testcases server unreachable.", "problem_id": "ads2_m6_a1_1", "user_id": "someshwarthuma", "score": {"sample": {"0": {"execution_time": 0.5141129493713379, "passed": false}, "1": {"execution_time": 0.5103676319122314, "passed": false}, "2": {"execution_time": 0.5173718929290771, "passed": false}, "3": {"execution_time": 0.5523970127105713, "passed": false}, "4": {"execution_time": 0.5964224338531494, "passed": true}, "5": {"execution_time": 0.5744149684906006, "passed": false}, "6": {"execution_time": 0.5163648128509521, "passed": true}, "7": {"execution_time": 0.575413703918457, "passed": false}, "8": {"execution_time": 0.5103714466094971, "passed": true}, "9": {"execution_time": 0.5333714485168457, "passed": true}, "10": {"execution_time": 0.5564029216766357, "passed": true}, "11": {"execution_time": 0.6694746017456055, "passed": false}}}, "check_style_score": "0/1"}