{"version": "1", "message": "ERROR: Hidden Testcases server unreachable.", "problem_id": "ads2_m6_a1_1", "user_id": "someshwarthuma", "score": {"sample": {"0": {"execution_time": 0.5083658695220947, "passed": false}, "1": {"execution_time": 0.4816293716430664, "passed": false}, "2": {"execution_time": 0.49034643173217773, "passed": false}, "3": {"execution_time": 0.510361909866333, "passed": false}, "4": {"execution_time": 0.4863457679748535, "passed": false}, "5": {"execution_time": 0.4773569107055664, "passed": false}, "6": {"execution_time": 0.4763374328613281, "passed": false}, "7": {"execution_time": 0.49288177490234375, "passed": false}, "8": {"execution_time": 0.49036550521850586, "passed": false}, "9": {"execution_time": 0.49234843254089355, "passed": false}, "10": {"execution_time": 0.5543947219848633, "passed": false}, "11": {"execution_time": 0.49324798583984375, "passed": false}}}, "check_style_score": "0/1"}