{"version": "1", "message": "ERROR: Hidden Testcases server unreachable.", "problem_id": "ads2_m6_a1_1", "user_id": "someshwarthuma", "score": {"sample": {"0": {"execution_time": 0.6069755554199219, "passed": false}, "1": {"execution_time": 0.5063536167144775, "passed": false}, "2": {"execution_time": 0.4523193836212158, "passed": false}, "3": {"execution_time": 0.44428515434265137, "passed": false}, "4": {"execution_time": 0.45436525344848633, "passed": false}, "5": {"execution_time": 0.44431042671203613, "passed": false}, "6": {"execution_time": 0.4516181945800781, "passed": false}, "7": {"execution_time": 0.4503185749053955, "passed": false}, "8": {"execution_time": 0.4728271961212158, "passed": false}, "9": {"execution_time": 0.44931697845458984, "passed": false}, "10": {"execution_time": 0.47590112686157227, "passed": false}, "11": {"execution_time": 0.4693324565887451, "passed": false}}}, "check_style_score": "0/1"}