{"version": "1", "message": "ERROR: Hidden Testcases server unreachable.", "problem_id": "ads2_m6_a1_1", "user_id": "someshwarthuma", "score": {"sample": {"0": {"execution_time": 0.5884177684783936, "passed": false}, "1": {"execution_time": 0.5223751068115234, "passed": false}, "2": {"execution_time": 0.5282044410705566, "passed": false}, "3": {"execution_time": 0.7925639152526855, "passed": false}, "4": {"execution_time": 0.7065017223358154, "passed": false}, "5": {"execution_time": 0.9366664886474609, "passed": false}, "6": {"execution_time": 0.9967091083526611, "passed": true}, "7": {"execution_time": 0.5389184951782227, "passed": false}, "8": {"execution_time": 0.5253770351409912, "passed": true}, "9": {"execution_time": 0.45832371711730957, "passed": false}, "10": {"execution_time": 0.4589419364929199, "passed": true}, "11": {"execution_time": 0.45532989501953125, "passed": false}}}, "check_style_score": "0/1"}