{"version": "1", "message": "ERROR: Hidden Testcases server unreachable.", "problem_id": "ads2_m6_a1_1", "user_id": "someshwarthuma", "score": {"sample": {"0": {"execution_time": 0.5704047679901123, "passed": false}, "1": {"execution_time": 0.6294460296630859, "passed": false}, "2": {"execution_time": 0.8025703430175781, "passed": false}, "3": {"execution_time": 0.5513920783996582, "passed": false}, "4": {"execution_time": 0.5774109363555908, "passed": false}, "5": {"execution_time": 0.5674033164978027, "passed": false}, "6": {"execution_time": 0.543386697769165, "passed": false}, "7": {"execution_time": 0.50836181640625, "passed": false}, "8": {"execution_time": 0.5013561248779297, "passed": false}, "9": {"execution_time": 0.5002913475036621, "passed": false}, "10": {"execution_time": 0.8916318416595459, "passed": false}, "11": {"execution_time": 0.4863457679748535, "passed": false}}}, "check_style_score": "0/1"}