{"version": "1", "message": "ERROR: Hidden Testcases server unreachable.", "problem_id": "ads2_m6_a1_1", "user_id": "someshwarthuma", "score": {"sample": {"0": {"execution_time": 0.5162677764892578, "passed": false}, "1": {"execution_time": 0.514380931854248, "passed": false}, "2": {"execution_time": 0.5457701683044434, "passed": false}, "3": {"execution_time": 0.5333766937255859, "passed": false}, "4": {"execution_time": 0.5333762168884277, "passed": false}, "5": {"execution_time": 0.5754070281982422, "passed": true}, "6": {"execution_time": 0.5073585510253906, "passed": true}, "7": {"execution_time": 0.5384142398834229, "passed": false}, "8": {"execution_time": 0.5143840312957764, "passed": true}, "9": {"execution_time": 0.5312154293060303, "passed": false}, "10": {"execution_time": 0.48444175720214844, "passed": true}, "11": {"execution_time": 0.580603837966919, "passed": false}}}, "check_style_score": "0/1"}