{"version": "1", "message": "ERROR: Hidden Testcases server unreachable.", "problem_id": "ads2_m6_a1_1", "user_id": "someshwarthuma", "score": {"sample": {"0": {"execution_time": 0.6108369827270508, "passed": false}, "1": {"execution_time": 0.5123798847198486, "passed": false}, "2": {"execution_time": 0.5213708877563477, "passed": false}, "3": {"execution_time": 0.5303776264190674, "passed": false}, "4": {"execution_time": 0.5404143333435059, "passed": false}, "5": {"execution_time": 0.578345775604248, "passed": false}, "6": {"execution_time": 0.5033547878265381, "passed": true}, "7": {"execution_time": 0.5373861789703369, "passed": false}, "8": {"execution_time": 0.5173730850219727, "passed": true}, "9": {"execution_time": 0.5313773155212402, "passed": false}, "10": {"execution_time": 0.481353759765625, "passed": true}, "11": {"execution_time": 0.579413890838623, "passed": false}}}, "check_style_score": "0/1"}