{"version": "1", "message": "ERROR: Hidden Testcases server unreachable.", "problem_id": "ads2_m6_a1_1", "user_id": "someshwarthuma", "score": {"sample": {"0": {"execution_time": 0.5263824462890625, "passed": false}, "1": {"execution_time": 0.5430710315704346, "passed": false}, "2": {"execution_time": 0.5746653079986572, "passed": false}, "3": {"execution_time": 0.5533924102783203, "passed": false}, "4": {"execution_time": 0.5914185047149658, "passed": false}, "5": {"execution_time": 0.5794148445129395, "passed": true}, "6": {"execution_time": 0.513364315032959, "passed": true}, "7": {"execution_time": 0.5894339084625244, "passed": false}, "8": {"execution_time": 0.5224113464355469, "passed": true}, "9": {"execution_time": 0.5403838157653809, "passed": false}, "10": {"execution_time": 0.49234771728515625, "passed": true}, "11": {"execution_time": 0.5654022693634033, "passed": false}}}, "check_style_score": "0/1"}