{"version": "1", "message": "ERROR: Hidden Testcases server unreachable.", "problem_id": "ads2_m6_a1_1", "user_id": "someshwarthuma", "score": {"sample": {"0": {"execution_time": 0.5113868713378906, "passed": false}, "1": {"execution_time": 0.519366979598999, "passed": false}, "2": {"execution_time": 0.5243728160858154, "passed": false}, "3": {"execution_time": 0.5456399917602539, "passed": false}, "4": {"execution_time": 0.5143654346466064, "passed": false}, "5": {"execution_time": 0.5734083652496338, "passed": true}, "6": {"execution_time": 0.5173828601837158, "passed": true}, "7": {"execution_time": 0.534386396408081, "passed": false}, "8": {"execution_time": 0.5944228172302246, "passed": true}, "9": {"execution_time": 0.6454591751098633, "passed": false}, "10": {"execution_time": 0.5634007453918457, "passed": true}, "11": {"execution_time": 0.6354520320892334, "passed": false}}}, "check_style_score": "0/1"}