{"version": "1", "message": "ERROR: Hidden Testcases server unreachable.", "problem_id": "ads2_m6_a1_1", "user_id": "someshwarthuma", "score": {"sample": {"0": {"execution_time": 0.5244920253753662, "passed": false}, "1": {"execution_time": 0.5205543041229248, "passed": false}, "2": {"execution_time": 0.5163900852203369, "passed": false}, "3": {"execution_time": 0.5503978729248047, "passed": false}, "4": {"execution_time": 0.5203704833984375, "passed": true}, "5": {"execution_time": 0.5794253349304199, "passed": false}, "6": {"execution_time": 0.5078418254852295, "passed": true}, "7": {"execution_time": 0.5353786945343018, "passed": false}, "8": {"execution_time": 0.5714583396911621, "passed": true}, "9": {"execution_time": 0.585425615310669, "passed": true}, "10": {"execution_time": 0.5183722972869873, "passed": true}, "11": {"execution_time": 0.5794117450714111, "passed": false}}}, "check_style_score": "0/1"}