{"version": "1", "message": "ERROR: Hidden Testcases server unreachable.", "problem_id": "ads2_m6_a1_1", "user_id": "someshwarthuma", "score": {"sample": {"0": {"execution_time": 1.0214686393737793, "passed": false}, "1": {"execution_time": 0.5090148448944092, "passed": false}, "2": {"execution_time": 0.5113604068756104, "passed": false}, "3": {"execution_time": 0.5263774394989014, "passed": false}, "4": {"execution_time": 0.5403823852539062, "passed": true}, "5": {"execution_time": 0.5533914566040039, "passed": false}, "6": {"execution_time": 0.49890589714050293, "passed": true}, "7": {"execution_time": 0.5173752307891846, "passed": false}, "8": {"execution_time": 0.5073659420013428, "passed": true}, "9": {"execution_time": 0.5524082183837891, "passed": true}, "10": {"execution_time": 0.47936344146728516, "passed": true}, "11": {"execution_time": 0.5584042072296143, "passed": false}}}, "check_style_score": "0/1"}