{"version": "1", "message": "ERROR: Hidden Testcases server unreachable.", "problem_id": "ads2_m6_a1_1", "user_id": "someshwarthuma", "score": {"sample": {"0": {"execution_time": 0.495349645614624, "passed": false}, "1": {"execution_time": 0.4913468360900879, "passed": false}, "2": {"execution_time": 0.4953439235687256, "passed": false}, "3": {"execution_time": 0.513361930847168, "passed": false}, "4": {"execution_time": 0.4923689365386963, "passed": false}, "5": {"execution_time": 0.5233800411224365, "passed": false}, "6": {"execution_time": 0.48499536514282227, "passed": true}, "7": {"execution_time": 0.4940218925476074, "passed": false}, "8": {"execution_time": 0.49835848808288574, "passed": true}, "9": {"execution_time": 0.5053553581237793, "passed": true}, "10": {"execution_time": 0.4723536968231201, "passed": true}, "11": {"execution_time": 0.5093839168548584, "passed": false}}}, "check_style_score": "0/1"}