{"version": "1", "message": "ERROR: Hidden Testcases server unreachable.", "problem_id": "ads2_m6_a1_1", "user_id": "someshwarthuma", "score": {"sample": {"0": {"execution_time": 0.5894193649291992, "passed": false}, "1": {"execution_time": 0.5102968215942383, "passed": false}, "2": {"execution_time": 0.5153074264526367, "passed": false}, "3": {"execution_time": 0.5363950729370117, "passed": false}, "4": {"execution_time": 0.5373790264129639, "passed": false}, "5": {"execution_time": 0.6284539699554443, "passed": false}, "6": {"execution_time": 0.5492532253265381, "passed": true}, "7": {"execution_time": 0.5323762893676758, "passed": false}, "8": {"execution_time": 0.5523922443389893, "passed": true}, "9": {"execution_time": 0.5400433540344238, "passed": false}, "10": {"execution_time": 0.4883589744567871, "passed": true}, "11": {"execution_time": 0.572406530380249, "passed": false}}}, "check_style_score": "0/1"}