{"version": "1", "message": "ERROR: Hidden Testcases server unreachable.", "problem_id": "ads2_m6_a1_1", "user_id": "someshwarthuma", "score": {"sample": {"0": {"execution_time": 0.5033555030822754, "passed": false}, "1": {"execution_time": 0.5193846225738525, "passed": false}, "2": {"execution_time": 0.5083587169647217, "passed": false}, "3": {"execution_time": 0.5433850288391113, "passed": false}, "4": {"execution_time": 0.5322098731994629, "passed": true}, "5": {"execution_time": 0.5800139904022217, "passed": false}, "6": {"execution_time": 0.5036697387695312, "passed": true}, "7": {"execution_time": 0.5383732318878174, "passed": false}, "8": {"execution_time": 0.5183441638946533, "passed": true}, "9": {"execution_time": 0.5553979873657227, "passed": true}, "10": {"execution_time": 0.48635172843933105, "passed": true}, "11": {"execution_time": 0.5794098377227783, "passed": false}}}, "check_style_score": "0/1"}