{"version": "1", "message": "ERROR: Hidden Testcases server unreachable.", "problem_id": "ads2_m6_a1_1", "user_id": "someshwarthuma", "score": {"sample": {"0": {"execution_time": 0.5093717575073242, "passed": false}, "1": {"execution_time": 0.5013554096221924, "passed": false}, "2": {"execution_time": 0.5243771076202393, "passed": false}, "3": {"execution_time": 0.5003552436828613, "passed": false}, "4": {"execution_time": 0.554394006729126, "passed": false}, "5": {"execution_time": 0.5293889045715332, "passed": false}, "6": {"execution_time": 0.4495995044708252, "passed": false}, "7": {"execution_time": 0.4623286724090576, "passed": false}, "8": {"execution_time": 0.5053670406341553, "passed": false}, "9": {"execution_time": 0.48834753036499023, "passed": false}, "10": {"execution_time": 0.44732189178466797, "passed": false}, "11": {"execution_time": 0.6072020530700684, "passed": false}}}, "check_style_score": "0/1"}