{"version": "1", "message": "ERROR: Hidden Testcases server unreachable.", "problem_id": "ads2_m6_a1_1", "user_id": "someshwarthuma", "score": {"sample": {"0": {"execution_time": 0.5244014263153076, "passed": false}, "1": {"execution_time": 0.5143637657165527, "passed": false}, "2": {"execution_time": 0.5163702964782715, "passed": false}, "3": {"execution_time": 0.548396110534668, "passed": false}, "4": {"execution_time": 0.5344116687774658, "passed": true}, "5": {"execution_time": 0.5974223613739014, "passed": false}, "6": {"execution_time": 0.5063533782958984, "passed": true}, "7": {"execution_time": 0.5163729190826416, "passed": false}, "8": {"execution_time": 0.5143628120422363, "passed": true}, "9": {"execution_time": 0.5286576747894287, "passed": true}, "10": {"execution_time": 0.48842811584472656, "passed": true}, "11": {"execution_time": 0.5624053478240967, "passed": false}}}, "check_style_score": "0/1"}