{"version": "1", "message": "ERROR: Hidden Testcases server unreachable.", "problem_id": "ads2_m6_a1_1", "user_id": "someshwarthuma", "score": {"sample": {"0": {"execution_time": 0.5804126262664795, "passed": false}, "1": {"execution_time": 0.5163843631744385, "passed": false}, "2": {"execution_time": 0.5329012870788574, "passed": false}, "3": {"execution_time": 0.543393611907959, "passed": false}, "4": {"execution_time": 0.5253803730010986, "passed": true}, "5": {"execution_time": 0.5603985786437988, "passed": false}, "6": {"execution_time": 0.5023858547210693, "passed": true}, "7": {"execution_time": 0.5103631019592285, "passed": false}, "8": {"execution_time": 0.5127768516540527, "passed": true}, "9": {"execution_time": 0.5254805088043213, "passed": true}, "10": {"execution_time": 0.4833545684814453, "passed": true}, "11": {"execution_time": 0.5624518394470215, "passed": false}}}, "check_style_score": "0/1"}