{"version": "1", "message": "ERROR: Hidden Testcases server unreachable.", "problem_id": "ads2_m6_a1_1", "user_id": "someshwarthuma", "score": {"sample": {"0": {"execution_time": 0.4873623847961426, "passed": false}, "1": {"execution_time": 0.4923734664916992, "passed": false}, "2": {"execution_time": 0.47833871841430664, "passed": false}, "3": {"execution_time": 0.5050666332244873, "passed": false}, "4": {"execution_time": 0.5083940029144287, "passed": false}, "5": {"execution_time": 0.5423855781555176, "passed": false}, "6": {"execution_time": 0.5353810787200928, "passed": true}, "7": {"execution_time": 0.536841869354248, "passed": false}, "8": {"execution_time": 0.4833681583404541, "passed": true}, "9": {"execution_time": 0.5198788642883301, "passed": false}, "10": {"execution_time": 0.4813704490661621, "passed": true}, "11": {"execution_time": 0.49234795570373535, "passed": false}}}, "check_style_score": "0/1"}