{"version": "1", "message": "ERROR: Hidden Testcases server unreachable.", "problem_id": "ads2_m6_a1_1", "user_id": "someshwarthuma", "score": {"sample": {"0": {"execution_time": 0.49968862533569336, "passed": false}, "1": {"execution_time": 0.4707953929901123, "passed": false}, "2": {"execution_time": 0.49080562591552734, "passed": false}, "3": {"execution_time": 0.48407673835754395, "passed": false}, "4": {"execution_time": 0.4906015396118164, "passed": false}, "5": {"execution_time": 0.4920532703399658, "passed": false}, "6": {"execution_time": 0.46584200859069824, "passed": true}, "7": {"execution_time": 0.4703798294067383, "passed": false}, "8": {"execution_time": 0.47057366371154785, "passed": true}, "9": {"execution_time": 0.4855830669403076, "passed": false}, "10": {"execution_time": 0.46884942054748535, "passed": true}, "11": {"execution_time": 0.48016929626464844, "passed": false}}}, "check_style_score": "0/1"}