{"version": "1", "message": "ERROR: Hidden Testcases server unreachable.", "problem_id": "ads2_m6_a1_1", "user_id": "someshwarthuma", "score": {"sample": {"0": {"execution_time": 0.513383150100708, "passed": false}, "1": {"execution_time": 0.5384066104888916, "passed": false}, "2": {"execution_time": 0.5173778533935547, "passed": false}, "3": {"execution_time": 0.5473861694335938, "passed": false}, "4": {"execution_time": 0.5336906909942627, "passed": true}, "5": {"execution_time": 0.5850389003753662, "passed": false}, "6": {"execution_time": 0.5143847465515137, "passed": true}, "7": {"execution_time": 0.5942859649658203, "passed": false}, "8": {"execution_time": 0.5163707733154297, "passed": true}, "9": {"execution_time": 0.5473968982696533, "passed": true}, "10": {"execution_time": 0.4849724769592285, "passed": true}, "11": {"execution_time": 0.571434497833252, "passed": false}}}, "check_style_score": "0/1"}