{"version": "1", "message": "ERROR: Hidden Testcases server unreachable.", "problem_id": "ads2_m6_a1_1", "user_id": "someshwarthuma", "score": {"sample": {"0": {"execution_time": 0.5143640041351318, "passed": false}, "1": {"execution_time": 0.5153656005859375, "passed": false}, "2": {"execution_time": 0.5213711261749268, "passed": false}, "3": {"execution_time": 0.5473811626434326, "passed": false}, "4": {"execution_time": 0.5393872261047363, "passed": true}, "5": {"execution_time": 0.5674257278442383, "passed": false}, "6": {"execution_time": 0.5133626461029053, "passed": true}, "7": {"execution_time": 0.5213699340820312, "passed": false}, "8": {"execution_time": 0.5243782997131348, "passed": true}, "9": {"execution_time": 0.5293748378753662, "passed": true}, "10": {"execution_time": 0.4903523921966553, "passed": true}, "11": {"execution_time": 0.5734119415283203, "passed": false}}}, "check_style_score": "0/1"}