{"version": "1", "message": "ERROR: Hidden Testcases server unreachable.", "problem_id": "ads2_m2_a1_1", "user_id": "someshwarthuma", "score": {"sample": {"0": {"execution_time": 0.39728784561157227, "passed": true}, "1": {"execution_time": 0.31926488876342773, "passed": true}, "2": {"execution_time": 0.28721141815185547, "passed": true}, "3": {"execution_time": 0.2852025032043457, "passed": true}, "4": {"execution_time": 0.32022690773010254, "passed": true}, "5": {"execution_time": 0.2906346321105957, "passed": true}, "6": {"execution_time": 0.2832009792327881, "passed": true}, "7": {"execution_time": 0.2912130355834961, "passed": true}, "8": {"execution_time": 0.34024810791015625, "passed": true}, "9": {"execution_time": 0.290205717086792, "passed": true}, "10": {"execution_time": 0.3372385501861572, "passed": true}, "11": {"execution_time": 0.28620314598083496, "passed": true}, "12": {"execution_time": 0.2872037887573242, "passed": true}, "13": {"execution_time": 0.6074306964874268, "passed": true}, "14": {"execution_time": 0.3062164783477783, "passed": true}, "15": {"execution_time": 0.3682577610015869, "passed": true}, "16": {"execution_time": 0.33524394035339355, "passed": true}, "17": {"execution_time": 0.40131664276123047, "passed": true}, "18": {"execution_time": 0.3865795135498047, "passed": true}, "19": {"execution_time": 0.40929460525512695, "passed": true}, "20": {"execution_time": 0.5393824577331543, "passed": true}, "21": {"execution_time": 0.2952091693878174, "passed": true}, "22": {"execution_time": 0.45839905738830566, "passed": true}, "23": {"execution_time": 0.4813511371612549, "passed": true}}}, "check_style_score": "0/1"}