{"version": "1", "message": "ERROR: Hidden Testcases server unreachable.", "problem_id": "ads2_m2_a1_1", "user_id": "someshwarthuma", "score": {"sample": {"0": {"execution_time": 0.38026952743530273, "passed": true}, "1": {"execution_time": 0.32222890853881836, "passed": true}, "2": {"execution_time": 0.3312351703643799, "passed": true}, "3": {"execution_time": 0.34824705123901367, "passed": true}, "4": {"execution_time": 0.3232293128967285, "passed": true}, "5": {"execution_time": 0.3312413692474365, "passed": true}, "6": {"execution_time": 0.31923413276672363, "passed": true}, "7": {"execution_time": 0.32422947883605957, "passed": true}, "8": {"execution_time": 0.3232290744781494, "passed": true}, "9": {"execution_time": 0.3314094543457031, "passed": true}, "10": {"execution_time": 0.3237903118133545, "passed": true}, "11": {"execution_time": 0.3542518615722656, "passed": true}, "12": {"execution_time": 0.3122220039367676, "passed": true}, "13": {"execution_time": 0.3182249069213867, "passed": true}, "14": {"execution_time": 0.31623101234436035, "passed": true}, "15": {"execution_time": 0.34325075149536133, "passed": true}, "16": {"execution_time": 0.3592543601989746, "passed": true}, "17": {"execution_time": 0.4245936870574951, "passed": true}, "18": {"execution_time": 0.4138190746307373, "passed": true}, "19": {"execution_time": 0.5293755531311035, "passed": true}, "20": {"execution_time": 0.527381181716919, "passed": true}, "21": {"execution_time": 0.38727474212646484, "passed": true}, "22": {"execution_time": 0.5163655281066895, "passed": true}, "23": {"execution_time": 0.5543930530548096, "passed": true}}}, "check_style_score": "1/1"}