{"version": "1", "message": "ERROR: Hidden Testcases server unreachable.", "problem_id": "ads2_m2_a1_1", "user_id": "someshwarthuma", "score": {"sample": {"0": {"execution_time": 0.37726759910583496, "passed": true}, "1": {"execution_time": 0.3362452983856201, "passed": true}, "2": {"execution_time": 0.3092210292816162, "passed": true}, "3": {"execution_time": 0.31522321701049805, "passed": true}, "4": {"execution_time": 0.31065845489501953, "passed": true}, "5": {"execution_time": 0.30922698974609375, "passed": true}, "6": {"execution_time": 0.3072175979614258, "passed": true}, "7": {"execution_time": 0.30521607398986816, "passed": true}, "8": {"execution_time": 0.33024001121520996, "passed": true}, "9": {"execution_time": 0.31522345542907715, "passed": true}, "10": {"execution_time": 0.3282332420349121, "passed": true}, "11": {"execution_time": 0.3132209777832031, "passed": true}, "12": {"execution_time": 0.689488410949707, "passed": true}, "13": {"execution_time": 0.3472466468811035, "passed": true}, "14": {"execution_time": 0.33823680877685547, "passed": true}, "15": {"execution_time": 0.3662574291229248, "passed": true}, "16": {"execution_time": 0.3782663345336914, "passed": true}, "17": {"execution_time": 0.4323132038116455, "passed": true}, "18": {"execution_time": 0.40328359603881836, "passed": true}, "19": {"execution_time": 0.42729663848876953, "passed": true}, "20": {"execution_time": 0.44861435890197754, "passed": true}, "21": {"execution_time": 0.31722426414489746, "passed": true}, "22": {"execution_time": 1.1106748580932617, "passed": true}, "23": {"execution_time": 0.49752283096313477, "passed": true}}}, "check_style_score": "1/1"}