{"version": "1", "message": "ERROR: Hidden Testcases server unreachable.", "problem_id": "ads2_m2_a1_1", "user_id": "someshwarthuma", "score": {"sample": {"0": {"execution_time": 0.5563905239105225, "passed": true}, "1": {"execution_time": 0.45432209968566895, "passed": true}, "2": {"execution_time": 0.40628767013549805, "passed": true}, "3": {"execution_time": 0.391277551651001, "passed": true}, "4": {"execution_time": 0.3862731456756592, "passed": true}, "5": {"execution_time": 0.3712625503540039, "passed": true}, "6": {"execution_time": 0.3702688217163086, "passed": true}, "7": {"execution_time": 0.5303759574890137, "passed": true}, "8": {"execution_time": 0.6324477195739746, "passed": true}, "9": {"execution_time": 0.3592538833618164, "passed": true}, "10": {"execution_time": 0.32723164558410645, "passed": true}, "11": {"execution_time": 0.4453158378601074, "passed": true}, "12": {"execution_time": 0.4363090991973877, "passed": true}, "13": {"execution_time": 0.4433138370513916, "passed": true}, "14": {"execution_time": 0.38427281379699707, "passed": true}, "15": {"execution_time": 0.4243006706237793, "passed": true}, "16": {"execution_time": 0.4243006706237793, "passed": true}, "17": {"execution_time": 0.4413115978240967, "passed": true}, "18": {"execution_time": 0.43032002449035645, "passed": true}, "19": {"execution_time": 0.4473152160644531, "passed": true}, "20": {"execution_time": 0.46433353424072266, "passed": true}, "21": {"execution_time": 0.3782687187194824, "passed": true}, "22": {"execution_time": 0.5583956241607666, "passed": true}, "23": {"execution_time": 0.49135541915893555, "passed": true}}}, "check_style_score": "1/1"}