{"version": "1", "message": "ERROR: Hidden Testcases server unreachable.", "problem_id": "ads2_m2_a1_1", "user_id": "someshwarthuma", "score": {"sample": {"0": {"execution_time": 0.388275146484375, "passed": true}, "1": {"execution_time": 0.3182332515716553, "passed": true}, "2": {"execution_time": 0.30222105979919434, "passed": true}, "3": {"execution_time": 0.3112208843231201, "passed": true}, "4": {"execution_time": 0.3072185516357422, "passed": true}, "5": {"execution_time": 0.30821871757507324, "passed": true}, "6": {"execution_time": 0.3062169551849365, "passed": true}, "7": {"execution_time": 0.3112204074859619, "passed": true}, "8": {"execution_time": 0.30821800231933594, "passed": true}, "9": {"execution_time": 0.3072178363800049, "passed": true}, "10": {"execution_time": 0.307218074798584, "passed": true}, "11": {"execution_time": 0.3762671947479248, "passed": true}, "12": {"execution_time": 0.3812711238861084, "passed": true}, "13": {"execution_time": 0.3972818851470947, "passed": true}, "14": {"execution_time": 0.39427900314331055, "passed": true}, "15": {"execution_time": 0.35825181007385254, "passed": true}, "16": {"execution_time": 0.3552577495574951, "passed": true}, "17": {"execution_time": 0.4313032627105713, "passed": true}, "18": {"execution_time": 0.40028953552246094, "passed": true}, "19": {"execution_time": 0.4312143325805664, "passed": true}, "20": {"execution_time": 0.44532275199890137, "passed": true}, "21": {"execution_time": 0.31522250175476074, "passed": true}, "22": {"execution_time": 0.4903576374053955, "passed": true}, "23": {"execution_time": 0.48734402656555176, "passed": true}}}, "check_style_score": "1/1"}