{"version": "1", "message": "ERROR: Hidden Testcases server unreachable.", "problem_id": "ads2_m2_a1_1", "user_id": "someshwarthuma", "score": {"sample": {"0": {"execution_time": 0.37927818298339844, "passed": true}, "1": {"execution_time": 0.5443856716156006, "passed": true}, "2": {"execution_time": 0.39928317070007324, "passed": true}, "3": {"execution_time": 0.49935436248779297, "passed": true}, "4": {"execution_time": 0.49735283851623535, "passed": true}, "5": {"execution_time": 0.3882746696472168, "passed": true}, "6": {"execution_time": 0.35825514793395996, "passed": true}, "7": {"execution_time": 0.35325121879577637, "passed": true}, "8": {"execution_time": 0.583416223526001, "passed": true}, "9": {"execution_time": 0.39828991889953613, "passed": true}, "10": {"execution_time": 0.4773378372192383, "passed": true}, "11": {"execution_time": 0.5173730850219727, "passed": true}, "12": {"execution_time": 0.48534488677978516, "passed": true}, "13": {"execution_time": 0.5263731479644775, "passed": true}, "14": {"execution_time": 0.7985670566558838, "passed": true}, "15": {"execution_time": 0.4052886962890625, "passed": true}, "16": {"execution_time": 0.40428590774536133, "passed": true}, "17": {"execution_time": 0.49535131454467773, "passed": true}, "18": {"execution_time": 0.4153006076812744, "passed": true}, "19": {"execution_time": 0.588437557220459, "passed": true}, "20": {"execution_time": 0.7175076007843018, "passed": true}, "21": {"execution_time": 0.3602628707885742, "passed": true}, "22": {"execution_time": 0.7195098400115967, "passed": true}, "23": {"execution_time": 0.6044318675994873, "passed": true}}}, "check_style_score": "1/1"}