{"version": "1", "message": "ERROR: Hidden Testcases server unreachable.", "problem_id": "ads2_m2_a1_1", "user_id": "someshwarthuma", "score": {"sample": {"0": {"execution_time": 0.5153646469116211, "passed": true}, "1": {"execution_time": 0.3762667179107666, "passed": true}, "2": {"execution_time": 0.4012906551361084, "passed": true}, "3": {"execution_time": 0.3642582893371582, "passed": true}, "4": {"execution_time": 0.35325002670288086, "passed": true}, "5": {"execution_time": 0.35477352142333984, "passed": true}, "6": {"execution_time": 0.3572535514831543, "passed": true}, "7": {"execution_time": 0.40128350257873535, "passed": true}, "8": {"execution_time": 0.35325002670288086, "passed": true}, "9": {"execution_time": 0.35825467109680176, "passed": true}, "10": {"execution_time": 0.36826014518737793, "passed": true}, "11": {"execution_time": 0.3622560501098633, "passed": true}, "12": {"execution_time": 0.3562507629394531, "passed": true}, "13": {"execution_time": 0.36525893211364746, "passed": true}, "14": {"execution_time": 0.40828919410705566, "passed": true}, "15": {"execution_time": 0.5497920513153076, "passed": true}, "16": {"execution_time": 0.43030738830566406, "passed": true}, "17": {"execution_time": 0.5804200172424316, "passed": true}, "18": {"execution_time": 0.6514630317687988, "passed": true}, "19": {"execution_time": 0.5403828620910645, "passed": true}, "20": {"execution_time": 0.6334493160247803, "passed": true}, "21": {"execution_time": 0.38927555084228516, "passed": true}, "22": {"execution_time": 1.0677552223205566, "passed": true}, "23": {"execution_time": 1.0767631530761719, "passed": true}}}, "check_style_score": "0/1"}