{"version": "1", "message": "ERROR: Hidden Testcases server unreachable.", "problem_id": "ads2_m2_a1_1", "user_id": "someshwarthuma", "score": {"sample": {"0": {"execution_time": 0.43030500411987305, "passed": true}, "1": {"execution_time": 0.3262307643890381, "passed": true}, "2": {"execution_time": 0.30121374130249023, "passed": true}, "3": {"execution_time": 0.3242299556732178, "passed": true}, "4": {"execution_time": 0.30121326446533203, "passed": true}, "5": {"execution_time": 0.3002133369445801, "passed": true}, "6": {"execution_time": 0.2992117404937744, "passed": true}, "7": {"execution_time": 0.297210693359375, "passed": true}, "8": {"execution_time": 0.3022141456604004, "passed": true}, "9": {"execution_time": 0.3062160015106201, "passed": true}, "10": {"execution_time": 0.30321455001831055, "passed": true}, "11": {"execution_time": 0.3387317657470703, "passed": true}, "12": {"execution_time": 0.30821824073791504, "passed": true}, "13": {"execution_time": 0.31222057342529297, "passed": true}, "14": {"execution_time": 0.3112211227416992, "passed": true}, "15": {"execution_time": 0.381103515625, "passed": true}, "16": {"execution_time": 0.359283447265625, "passed": true}, "17": {"execution_time": 0.4773385524749756, "passed": true}, "18": {"execution_time": 0.43528008460998535, "passed": true}, "19": {"execution_time": 0.46332693099975586, "passed": true}, "20": {"execution_time": 0.4943504333496094, "passed": true}, "21": {"execution_time": 0.3502483367919922, "passed": true}, "22": {"execution_time": 1.3149328231811523, "passed": true}, "23": {"execution_time": 1.110788345336914, "passed": true}}}, "check_style_score": "0/1"}