{"version": "1", "message": "ERROR: Hidden Testcases server unreachable.", "problem_id": "ads2_m2_a1_1", "user_id": "someshwarthuma", "score": {"sample": {"0": {"execution_time": 0.4052882194519043, "passed": true}, "1": {"execution_time": 0.30422210693359375, "passed": true}, "2": {"execution_time": 0.28721141815185547, "passed": true}, "3": {"execution_time": 0.29221081733703613, "passed": true}, "4": {"execution_time": 0.28821635246276855, "passed": true}, "5": {"execution_time": 0.2852020263671875, "passed": true}, "6": {"execution_time": 0.29222655296325684, "passed": true}, "7": {"execution_time": 0.2902050018310547, "passed": true}, "8": {"execution_time": 0.29021167755126953, "passed": true}, "9": {"execution_time": 0.29021215438842773, "passed": true}, "10": {"execution_time": 0.2872037887573242, "passed": true}, "11": {"execution_time": 0.29021167755126953, "passed": true}, "12": {"execution_time": 0.2902052402496338, "passed": true}, "13": {"execution_time": 0.3052194118499756, "passed": true}, "14": {"execution_time": 0.28920626640319824, "passed": true}, "15": {"execution_time": 0.31823253631591797, "passed": true}, "16": {"execution_time": 0.33423686027526855, "passed": true}, "17": {"execution_time": 0.4062926769256592, "passed": true}, "18": {"execution_time": 0.3792874813079834, "passed": true}, "19": {"execution_time": 0.4122910499572754, "passed": true}, "20": {"execution_time": 0.4092898368835449, "passed": true}, "21": {"execution_time": 0.2922079563140869, "passed": true}, "22": {"execution_time": 0.4563288688659668, "passed": true}, "23": {"execution_time": 0.4603261947631836, "passed": true}}}, "check_style_score": "0/1"}