{"version": "1", "message": "ERROR: Hidden Testcases server unreachable.", "problem_id": "ads2_m2_a1_1", "user_id": "someshwarthuma", "score": {"sample": {"0": {"execution_time": 0.5603973865509033, "passed": true}, "1": {"execution_time": 0.49034762382507324, "passed": true}, "2": {"execution_time": 0.38427233695983887, "passed": true}, "3": {"execution_time": 0.42330026626586914, "passed": true}, "4": {"execution_time": 0.39227747917175293, "passed": true}, "5": {"execution_time": 0.3902766704559326, "passed": true}, "6": {"execution_time": 0.4072890281677246, "passed": true}, "7": {"execution_time": 0.36525869369506836, "passed": true}, "8": {"execution_time": 0.3092191219329834, "passed": true}, "9": {"execution_time": 0.7183012962341309, "passed": true}, "10": {"execution_time": 0.3042161464691162, "passed": true}, "11": {"execution_time": 0.29621005058288574, "passed": true}, "12": {"execution_time": 0.29620933532714844, "passed": true}, "13": {"execution_time": 0.30321526527404785, "passed": true}, "14": {"execution_time": 0.4032900333404541, "passed": true}, "15": {"execution_time": 0.3692615032196045, "passed": true}, "16": {"execution_time": 0.5463871955871582, "passed": true}, "17": {"execution_time": 0.5523908138275146, "passed": true}, "18": {"execution_time": 0.41129112243652344, "passed": true}, "19": {"execution_time": 0.5323781967163086, "passed": true}, "20": {"execution_time": 0.5223708152770996, "passed": true}, "21": {"execution_time": 0.8205816745758057, "passed": true}, "22": {"execution_time": 0.7615165710449219, "passed": true}, "23": {"execution_time": 0.6284515857696533, "passed": true}}}, "check_style_score": "1/1"}