{"version": "1", "message": "ERROR: Hidden Testcases server unreachable.", "problem_id": "ads2_m2_a1_1", "user_id": "someshwarthuma", "score": {"sample": {"0": {"execution_time": 0.3742659091949463, "passed": true}, "1": {"execution_time": 0.2952094078063965, "passed": true}, "2": {"execution_time": 0.28620243072509766, "passed": true}, "3": {"execution_time": 0.295215368270874, "passed": true}, "4": {"execution_time": 0.28620338439941406, "passed": true}, "5": {"execution_time": 0.3317387104034424, "passed": true}, "6": {"execution_time": 0.2832009792327881, "passed": true}, "7": {"execution_time": 0.2872037887573242, "passed": true}, "8": {"execution_time": 0.28920459747314453, "passed": true}, "9": {"execution_time": 0.28507351875305176, "passed": true}, "10": {"execution_time": 0.28620243072509766, "passed": true}, "11": {"execution_time": 0.3452444076538086, "passed": true}, "12": {"execution_time": 0.294208288192749, "passed": true}, "13": {"execution_time": 0.2872037887573242, "passed": true}, "14": {"execution_time": 0.2992122173309326, "passed": true}, "15": {"execution_time": 0.3492600917816162, "passed": true}, "16": {"execution_time": 0.49535083770751953, "passed": true}, "17": {"execution_time": 0.4072225093841553, "passed": true}, "18": {"execution_time": 0.3772163391113281, "passed": true}, "19": {"execution_time": 0.407320499420166, "passed": true}, "20": {"execution_time": 0.42129993438720703, "passed": true}, "21": {"execution_time": 0.2992117404937744, "passed": true}, "22": {"execution_time": 0.4567115306854248, "passed": true}, "23": {"execution_time": 0.637451171875, "passed": true}}}, "check_style_score": "1/1"}