{"version": "1", "message": "ERROR: Hidden Testcases server unreachable.", "problem_id": "ads2_m2_a1_1", "user_id": "someshwarthuma", "score": {"sample": {"0": {"execution_time": 0.38927602767944336, "passed": true}, "1": {"execution_time": 0.32222771644592285, "passed": true}, "2": {"execution_time": 0.30521583557128906, "passed": true}, "3": {"execution_time": 0.3087959289550781, "passed": true}, "4": {"execution_time": 0.30726051330566406, "passed": true}, "5": {"execution_time": 0.32422947883605957, "passed": true}, "6": {"execution_time": 0.3072173595428467, "passed": true}, "7": {"execution_time": 0.307218074798584, "passed": true}, "8": {"execution_time": 0.3122289180755615, "passed": true}, "9": {"execution_time": 0.30821704864501953, "passed": true}, "10": {"execution_time": 0.30821800231933594, "passed": true}, "11": {"execution_time": 0.3162243366241455, "passed": true}, "12": {"execution_time": 0.3092188835144043, "passed": true}, "13": {"execution_time": 0.314223051071167, "passed": true}, "14": {"execution_time": 0.312744140625, "passed": true}, "15": {"execution_time": 0.3352375030517578, "passed": true}, "16": {"execution_time": 0.36826109886169434, "passed": true}, "17": {"execution_time": 0.43231678009033203, "passed": true}, "18": {"execution_time": 0.40128183364868164, "passed": true}, "19": {"execution_time": 0.4343090057373047, "passed": true}, "20": {"execution_time": 0.44932103157043457, "passed": true}, "21": {"execution_time": 0.3152322769165039, "passed": true}, "22": {"execution_time": 0.47634458541870117, "passed": true}, "23": {"execution_time": 0.4883434772491455, "passed": true}}}, "check_style_score": "1/1"}