{"version": "1", "message": "ERROR: Hidden Testcases server unreachable.", "problem_id": "ads2_m2_a1_1", "user_id": "someshwarthuma", "score": {"sample": {"0": {"execution_time": 0.36025547981262207, "passed": true}, "1": {"execution_time": 0.34424448013305664, "passed": true}, "2": {"execution_time": 0.2872037887573242, "passed": true}, "3": {"execution_time": 0.2882049083709717, "passed": true}, "4": {"execution_time": 0.2821996212005615, "passed": true}, "5": {"execution_time": 0.28183531761169434, "passed": true}, "6": {"execution_time": 0.2882053852081299, "passed": true}, "7": {"execution_time": 0.2882049083709717, "passed": true}, "8": {"execution_time": 0.29221487045288086, "passed": true}, "9": {"execution_time": 0.28721022605895996, "passed": true}, "10": {"execution_time": 0.2882044315338135, "passed": true}, "11": {"execution_time": 0.28721022605895996, "passed": true}, "12": {"execution_time": 0.29021334648132324, "passed": true}, "13": {"execution_time": 0.29320764541625977, "passed": true}, "14": {"execution_time": 0.29975104331970215, "passed": true}, "15": {"execution_time": 0.3332359790802002, "passed": true}, "16": {"execution_time": 0.34224796295166016, "passed": true}, "17": {"execution_time": 0.488588809967041, "passed": true}, "18": {"execution_time": 0.41031455993652344, "passed": true}, "19": {"execution_time": 0.4333040714263916, "passed": true}, "20": {"execution_time": 0.49034738540649414, "passed": true}, "21": {"execution_time": 0.30422186851501465, "passed": true}, "22": {"execution_time": 0.6861894130706787, "passed": true}, "23": {"execution_time": 0.6730141639709473, "passed": true}}}, "check_style_score": "0/1"}