{"version": "1", "message": "ERROR: Hidden Testcases server unreachable.", "problem_id": "ads2_m2_a1_1", "user_id": "someshwarthuma", "score": {"sample": {"0": {"execution_time": 0.3922770023345947, "passed": true}, "1": {"execution_time": 0.3232288360595703, "passed": true}, "2": {"execution_time": 0.3922293186187744, "passed": true}, "3": {"execution_time": 0.2952094078063965, "passed": true}, "4": {"execution_time": 0.2912132740020752, "passed": true}, "5": {"execution_time": 0.4192969799041748, "passed": true}, "6": {"execution_time": 0.3582601547241211, "passed": true}, "7": {"execution_time": 0.33723878860473633, "passed": true}, "8": {"execution_time": 0.37327075004577637, "passed": true}, "9": {"execution_time": 0.33040571212768555, "passed": true}, "10": {"execution_time": 0.3122212886810303, "passed": true}, "11": {"execution_time": 0.5513904094696045, "passed": true}, "12": {"execution_time": 0.3232283592224121, "passed": true}, "13": {"execution_time": 0.42430806159973145, "passed": true}, "14": {"execution_time": 0.3002128601074219, "passed": true}, "15": {"execution_time": 0.324230432510376, "passed": true}, "16": {"execution_time": 0.3642573356628418, "passed": true}, "17": {"execution_time": 0.45833563804626465, "passed": true}, "18": {"execution_time": 0.43930983543395996, "passed": true}, "19": {"execution_time": 0.41429805755615234, "passed": true}, "20": {"execution_time": 0.43230581283569336, "passed": true}, "21": {"execution_time": 0.37726664543151855, "passed": true}, "22": {"execution_time": 0.5894184112548828, "passed": true}, "23": {"execution_time": 0.4853382110595703, "passed": true}}}, "check_style_score": "0/1"}