{"version": "1", "message": "ERROR: Hidden Testcases server unreachable.", "problem_id": "ads2_m2_a1_1", "user_id": "someshwarthuma", "score": {"sample": {"0": {"execution_time": 0.4313054084777832, "passed": true}, "1": {"execution_time": 0.3862743377685547, "passed": true}, "2": {"execution_time": 0.39227795600891113, "passed": true}, "3": {"execution_time": 0.600426197052002, "passed": true}, "4": {"execution_time": 0.5323760509490967, "passed": true}, "5": {"execution_time": 0.4983532428741455, "passed": true}, "6": {"execution_time": 0.4453165531158447, "passed": true}, "7": {"execution_time": 0.35124921798706055, "passed": true}, "8": {"execution_time": 0.3712625503540039, "passed": true}, "9": {"execution_time": 0.34624695777893066, "passed": true}, "10": {"execution_time": 0.42330098152160645, "passed": true}, "11": {"execution_time": 0.3472459316253662, "passed": true}, "12": {"execution_time": 0.4823424816131592, "passed": true}, "13": {"execution_time": 0.5513913631439209, "passed": true}, "14": {"execution_time": 0.5423836708068848, "passed": true}, "15": {"execution_time": 0.4983525276184082, "passed": true}, "16": {"execution_time": 0.6104350090026855, "passed": true}, "17": {"execution_time": 0.7495334148406982, "passed": true}, "18": {"execution_time": 0.6194398403167725, "passed": true}, "19": {"execution_time": 0.6824831962585449, "passed": true}, "20": {"execution_time": 0.6874868869781494, "passed": true}, "21": {"execution_time": 0.3422431945800781, "passed": true}, "22": {"execution_time": 0.5528955459594727, "passed": true}, "23": {"execution_time": 0.4963555335998535, "passed": true}}}, "check_style_score": "1/1"}