{"version": "1", "message": "ERROR: Hidden Testcases server unreachable.", "problem_id": "ads2_m2_a1_1", "user_id": "someshwarthuma", "score": {"sample": {"0": {"execution_time": 0.3742716312408447, "passed": true}, "1": {"execution_time": 0.3072187900543213, "passed": true}, "2": {"execution_time": 0.2862119674682617, "passed": true}, "3": {"execution_time": 0.2872037887573242, "passed": true}, "4": {"execution_time": 0.28320837020874023, "passed": true}, "5": {"execution_time": 0.2922067642211914, "passed": true}, "6": {"execution_time": 0.28420138359069824, "passed": true}, "7": {"execution_time": 0.28420019149780273, "passed": true}, "8": {"execution_time": 0.2852020263671875, "passed": true}, "9": {"execution_time": 0.3092188835144043, "passed": true}, "10": {"execution_time": 0.28620195388793945, "passed": true}, "11": {"execution_time": 0.33924007415771484, "passed": true}, "12": {"execution_time": 0.3162238597869873, "passed": true}, "13": {"execution_time": 0.29721784591674805, "passed": true}, "14": {"execution_time": 0.3012115955352783, "passed": true}, "15": {"execution_time": 0.3342399597167969, "passed": true}, "16": {"execution_time": 0.3342428207397461, "passed": true}, "17": {"execution_time": 0.409287691116333, "passed": true}, "18": {"execution_time": 0.38227343559265137, "passed": true}, "19": {"execution_time": 0.405292272567749, "passed": true}, "20": {"execution_time": 0.4483168125152588, "passed": true}, "21": {"execution_time": 0.29721736907958984, "passed": true}, "22": {"execution_time": 0.5544178485870361, "passed": false}, "23": {"execution_time": 0.46733713150024414, "passed": true}}}, "check_style_score": "0/1"}