{"version": "1", "message": "ERROR: Hidden Testcases server unreachable.", "problem_id": "ads2_m4_a1_1", "user_id": "someshwarthuma", "score": {"sample": {"0": {"execution_time": 0.5013554096221924, "passed": true}, "1": {"execution_time": 0.4753384590148926, "passed": true}, "2": {"execution_time": 0.5944223403930664, "passed": true}, "3": {"execution_time": 0.6284534931182861, "passed": true}, "4": {"execution_time": 0.45632338523864746, "passed": true}, "5": {"execution_time": 0.4263026714324951, "passed": true}, "6": {"execution_time": 0.4313068389892578, "passed": true}, "7": {"execution_time": 0.4504401683807373, "passed": true}, "8": {"execution_time": 0.47934627532958984, "passed": true}, "9": {"execution_time": 0.36626720428466797, "passed": true}, "10": {"execution_time": 0.37126994132995605, "passed": true}, "11": {"execution_time": 0.3542592525482178, "passed": true}, "12": {"execution_time": 0.35825443267822266, "passed": true}, "13": {"execution_time": 2.964111804962158, "passed": true}, "14": {"execution_time": 0.35225915908813477, "passed": true}}}, "check_style_score": "0/1"}