{"version": "1", "message": "ERROR: Hidden Testcases server unreachable.", "problem_id": "ads2_m4_a1_1", "user_id": "someshwarthuma", "score": {"sample": {"0": {"execution_time": 0.4813406467437744, "passed": true}, "1": {"execution_time": 0.31322264671325684, "passed": false}, "2": {"execution_time": 0.34124207496643066, "passed": false}, "3": {"execution_time": 0.32823991775512695, "passed": false}, "4": {"execution_time": 0.31022071838378906, "passed": false}, "5": {"execution_time": 0.3332364559173584, "passed": false}, "6": {"execution_time": 0.32723307609558105, "passed": false}, "7": {"execution_time": 0.3182253837585449, "passed": false}, "8": {"execution_time": 0.46433043479919434, "passed": true}, "9": {"execution_time": 0.3772752285003662, "passed": true}, "10": {"execution_time": 0.36226487159729004, "passed": true}, "11": {"execution_time": 0.31322312355041504, "passed": false}, "12": {"execution_time": 0.3292405605316162, "passed": false}, "13": {"execution_time": 0.30121374130249023, "passed": false}, "14": {"execution_time": 0.38027000427246094, "passed": true}}}, "check_style_score": "0/1"}