{"version": "1", "message": "ERROR: Hidden Testcases server unreachable.", "problem_id": "ads2_m4_a1_1", "user_id": "someshwarthuma", "score": {"sample": {"0": {"execution_time": 0.8236262798309326, "passed": true}, "1": {"execution_time": 0.4931602478027344, "passed": true}, "2": {"execution_time": 0.6844780445098877, "passed": true}, "3": {"execution_time": 0.6502318382263184, "passed": true}, "4": {"execution_time": 0.4298675060272217, "passed": true}, "5": {"execution_time": 0.44631505012512207, "passed": true}, "6": {"execution_time": 0.4603281021118164, "passed": true}, "7": {"execution_time": 0.4263029098510742, "passed": true}, "8": {"execution_time": 0.469332218170166, "passed": true}, "9": {"execution_time": 0.3992898464202881, "passed": true}, "10": {"execution_time": 0.39628148078918457, "passed": true}, "11": {"execution_time": 0.355252742767334, "passed": true}, "12": {"execution_time": 0.4172968864440918, "passed": true}, "13": {"execution_time": 3.052046060562134, "passed": true}, "14": {"execution_time": 0.3612556457519531, "passed": true}}}, "check_style_score": "0/1"}