{"version": "1", "message": "ERROR: Hidden Testcases server unreachable.", "problem_id": "ads2_m4_a1_1", "user_id": "someshwarthuma", "score": {"sample": {"0": {"execution_time": 0.4893648624420166, "passed": true}, "1": {"execution_time": 0.4663381576538086, "passed": true}, "2": {"execution_time": 0.6044292449951172, "passed": true}, "3": {"execution_time": 0.623986005783081, "passed": true}, "4": {"execution_time": 0.42430806159973145, "passed": true}, "5": {"execution_time": 0.44431543350219727, "passed": true}, "6": {"execution_time": 0.45632171630859375, "passed": true}, "7": {"execution_time": 0.42931199073791504, "passed": true}, "8": {"execution_time": 0.46733713150024414, "passed": true}, "9": {"execution_time": 0.3672611713409424, "passed": true}, "10": {"execution_time": 0.3632652759552002, "passed": true}, "11": {"execution_time": 0.38127636909484863, "passed": true}, "12": {"execution_time": 0.3802764415740967, "passed": true}, "13": {"execution_time": 2.9811253547668457, "passed": true}, "14": {"execution_time": 0.36826181411743164, "passed": true}}}, "check_style_score": "0/1"}