{"version": "1", "message": "ERROR: Hidden Testcases server unreachable.", "problem_id": "ads2_m4_a1_1", "user_id": "someshwarthuma", "score": {"sample": {"0": {"execution_time": 0.6044299602508545, "passed": true}, "1": {"execution_time": 0.4172966480255127, "passed": false}, "2": {"execution_time": 0.4172966480255127, "passed": false}, "3": {"execution_time": 0.31423068046569824, "passed": false}, "4": {"execution_time": 0.3132293224334717, "passed": false}, "5": {"execution_time": 0.32523131370544434, "passed": false}, "6": {"execution_time": 0.31722521781921387, "passed": false}, "7": {"execution_time": 0.311220645904541, "passed": false}, "8": {"execution_time": 0.4713320732116699, "passed": true}, "9": {"execution_time": 0.39728260040283203, "passed": true}, "10": {"execution_time": 0.36426663398742676, "passed": true}, "11": {"execution_time": 0.30021214485168457, "passed": false}, "12": {"execution_time": 0.30121374130249023, "passed": false}, "13": {"execution_time": 0.2972109317779541, "passed": false}, "14": {"execution_time": 0.3572533130645752, "passed": true}}}, "check_style_score": "0/1"}