{"version": "1", "message": "ERROR: Hidden Testcases server unreachable.", "problem_id": "ads2_m4_a1_1", "user_id": "someshwarthuma", "score": {"sample": {"0": {"execution_time": 0.6674740314483643, "passed": true}, "1": {"execution_time": 1.210860013961792, "passed": true}, "2": {"execution_time": 1.0827691555023193, "passed": true}, "3": {"execution_time": 0.72751784324646, "passed": true}, "4": {"execution_time": 0.5634009838104248, "passed": true}, "5": {"execution_time": 0.659468412399292, "passed": true}, "6": {"execution_time": 0.5283751487731934, "passed": true}, "7": {"execution_time": 0.5924203395843506, "passed": true}, "8": {"execution_time": 0.5423853397369385, "passed": true}, "9": {"execution_time": 0.44431471824645996, "passed": true}, "10": {"execution_time": 0.42830419540405273, "passed": true}, "11": {"execution_time": 0.44031286239624023, "passed": true}, "12": {"execution_time": 0.4933500289916992, "passed": true}, "13": {"execution_time": 3.0911951065063477, "passed": true}, "14": {"execution_time": 0.4273037910461426, "passed": true}}}, "check_style_score": "0/1"}