{"version": "1", "message": "ERROR: Hidden Testcases server unreachable.", "problem_id": "ads2_m16_a1_1", "user_id": "someshwarthuma", "score": {"sample": {"0": {"execution_time": 0.883819580078125, "passed": false}, "1": {"execution_time": 0.6144139766693115, "passed": false}, "2": {"execution_time": 1.5567667484283447, "passed": false}, "3": {"execution_time": 1.5451915264129639, "passed": false}, "4": {"execution_time": 1.5270917415618896, "passed": false}, "5": {"execution_time": 2.069474458694458, "passed": false}, "6": {"execution_time": 1.5070736408233643, "passed": false}, "7": {"execution_time": 1.5779869556427002, "passed": false}, "8": {"execution_time": 0.7905628681182861, "passed": false}, "9": {"execution_time": 1.9193949699401855, "passed": false}, "10": {"execution_time": 1.5526435375213623, "passed": false}, "11": {"execution_time": 10.04077672958374, "passed": false}, "12": {"execution_time": 1.871333360671997, "passed": false}, "13": {"execution_time": 0.6094348430633545, "passed": true}, "14": {"execution_time": 1.5440974235534668, "passed": false}, "15": {"execution_time": 1.5581104755401611, "passed": false}, "16": {"execution_time": 0.7505397796630859, "passed": false}, "17": {"execution_time": 0.7585394382476807, "passed": false}, "18": {"execution_time": 0.7461848258972168, "passed": false}, "19": {"execution_time": 0.757540225982666, "passed": false}, "20": {"execution_time": 0.7795548439025879, "passed": false}, "21": {"execution_time": 0.7585361003875732, "passed": false}, "22": {"execution_time": 0.7035021781921387, "passed": false}, "23": {"execution_time": 1.2108628749847412, "passed": false}, "24": {"execution_time": 0.9306631088256836, "passed": true}, "25": {"execution_time": 3.0692694187164307, "passed": false}, "26": {"execution_time": 2.2205817699432373, "passed": false}, "27": {"execution_time": 2.1195108890533447, "passed": false}, "28": {"execution_time": 3.0421645641326904, "passed": false}, "29": {"execution_time": 0.38133740425109863, "passed": true}}}, "check_style_score": "0/1"}